"","MouseID","DPI","Region","Section","ObjectID","Z","X","Y"
"1","M41","0D","CTX","Scene5",1367,6701,1925.2,6830
"2","M41","0D","CTX","Scene6",2769,7975.8,6276.2,9801
"3","M41","0D","CNU","Scene5",267,6701,5369.5,8843.2
"4","M41","0D","CTX","Scene6",772,7975.8,4133.4,1225.8
"5","M41","0D","CTX","Scene6",1997,7975.8,800.1,8670.9
"6","M41","0D","CTX","Scene4",1099,6221,4337.3,1157.6
"7","M41","0D","CNU","Scene3",85,5586.2,5865.2,7154.6
"8","M41","0D","CTX","Scene5",2625,6701,6306,3021.7
"9","M41","0D","CTX","Scene4",662,6221,3039.2,2004.4
"10","M41","0D","IB","Scene5",1626,6701,6916.8,6255.9
"11","M41","0D","CTX","Scene4",2487,6221,3963.6,10517.9
"12","M41","0D","CTX","Scene6",1067,7975.8,530.8,4453.8
"13","M41","0D","CTX","Scene6",2960,7975.8,5542.9,8254.3
"14","M41","0D","CTX","Scene5",2853,6701,1037.2,5337.6
"15","M41","0D","CTX","Scene1",412,3870.4,2619.8,5840.5
"16","M41","0D","IB","Scene5",3291,6701,7203.2,5497.6
"17","M41","0D","IB","Scene4",1528,6221,6098.4,5675.4
"18","M41","0D","CTX","Scene6",500,7975.8,1878,3927.8
"19","M41","0D","CTX","Scene4",510,6221,1274.1,2393.9
"20","M41","0D","CTX","Scene6",336,7975.8,628.5,5347.8
"21","M41","0D","CNU","Scene3",947,5586.2,6979.5,4444.3
"22","M41","0D","CTX","Scene6",2305,7975.8,1629.6,5871.1
"23","M41","0D","CTX","Scene2",505,4619,3341.1,1720.1
"24","M41","0D","CTX","Scene3",204,5586.2,2767.5,9731.6
"25","M41","0D","CTX","Scene5",2001,6701,975.7,5299.3
"26","M41","0D","CTX","Scene4",2163,6221,2121.4,9400.7
"27","M41","0D","CTX","Scene2",1327,4619,2585.7,9466.7
"28","M41","0D","CTX","Scene5",2105,6701,1868.6,4402.1
"29","M41","0D","CNU","Scene5",1762,6701,4131.8,2020.5
"30","M41","0D","CTX","Scene5",481,6701,2130,9120.5
"31","M41","0D","CTX","Scene4",961,6221,6971.5,2600.4
"32","M41","0D","MB","Scene6",1763,7975.8,5283.9,3917.9
"33","M41","0D","CTX","Scene6",447,7975.8,1309.3,3490.7
"34","M41","0D","IB","Scene5",3055,6701,2974.9,4458
"35","M41","0D","CTX","Scene6",790,7975.8,4415.2,1810.9
"36","M41","0D","CTX","Scene3",1591,5586.2,3499.8,1368.5
"37","M41","0D","CTX","Scene6",1114,7975.8,1960.2,3654.4
"38","M41","0D","CTX","Scene4",618,6221,2649.7,1399.6
"39","M41","0D","CNU","Scene2",1252,4619,3150,6859.7
"40","M41","0D","CNU","Scene2",111,4619,5359.2,5020.1
"41","M41","0D","CTX","Scene3",1454,5586.2,6562.6,2987.2
"42","M41","0D","CTX","Scene6",981,7975.8,7034.5,2858.6
"43","M41","0D","IB","Scene5",1481,6701,4228.7,6711.1
"44","M41","0D","CTX","Scene2",677,4619,5940.1,2381.2
"45","M41","0D","CTX","Scene4",2510,6221,4277.9,10476.3
"46","M41","0D","CTX","Scene1",845,3870.4,1898.4,5454.3
"47","M41","0D","CTX","Scene1",583,3870.4,1763.1,5083.9
"48","M41","0D","CTX","Scene6",3339,7975.8,5396.2,9640.9
"49","M41","0D","CTX","Scene4",2963,6221,1598.1,8068.4
"50","M41","0D","CTX","Scene5",2443,6701,4155.2,863.4
"51","M41","0D","IB","Scene3",712,5586.2,6189.2,7074.3
"52","M41","0D","IB","Scene5",1620,6701,6797,6867.6
"53","M41","0D","CTX","Scene5",2621,6701,6170.7,1589.7
"54","M41","0D","fiber tracts","Scene6",294,7975.8,2854.4,7535.9
"55","M41","0D","CTX","Scene2",1309,4619,1604.4,8485.7
"56","M41","0D","CTX","Scene4",2625,6221,5938.5,9347.1
"57","M41","0D","CTX","Scene6",2736,7975.8,6108.8,8750.8
"58","M41","0D","CTX","Scene2",1540,4619,2200.3,9268.7
"59","M41","0D","IB","Scene4",1618,6221,3644.7,4501.9
"60","M41","0D","CTX","Scene6",915,7975.8,6063.7,1731.2
"61","M41","0D","CTX","Scene6",2411,7975.8,3162.9,9935.8
"62","M41","0D","CTX","Scene6",3005,7975.8,5589.1,10093.3
"63","M41","0D","CTX","Scene3",372,5586.2,1781.3,6188.8
"64","M41","0D","CTX","Scene1",560,3870.4,1538.5,3881.9
"65","M41","0D","CTX","Scene4",737,6221,3916.3,1838.2
"66","M41","0D","CTX","Scene6",667,7975.8,2547.2,1263.4
"67","M41","0D","CTX","Scene3",557,5586.2,3488.3,9835.6
"68","M41","0D","CNU","Scene5",1873,6701,6607.3,3785.5
"69","M41","0D","CTX","Scene5",2953,6701,1160.8,4398.4
"70","M41","0D","CTX","Scene5",2475,6701,4543.9,1530.8
"71","M41","0D","CTX","Scene5",1038,6701,6438.5,9547.8
"72","M41","0D","CNU","Scene4",1978,6221,4859.7,9309.5
"73","M41","0D","fiber tracts","Scene5",209,6701,5656.6,9310.5
"74","M41","0D","CNU","Scene2",50,4619,3320.4,4758.2
"75","M41","0D","CTX","Scene4",953,6221,6892.8,2621.6
"76","M41","0D","CTX","Scene1",114,3870.4,1785.8,8268.3
"77","M41","0D","fiber tracts","Scene6",206,7975.8,2601.1,7185
"78","M41","0D","CTX","Scene4",2512,6221,4311.5,9976.5
"79","M41","0D","CTX","Scene4",2958,6221,1251.1,8188.6
"80","M41","0D","CTX","Scene4",773,6221,4442.3,1001.3
"81","M41","0D","CTX","Scene5",2741,6701,3794.8,979.2
"82","M41","0D","CTX","Scene3",494,5586.2,5167.5,9279.8
"83","M41","0D","IB","Scene6",3439,7975.8,6245.9,6659.4
"84","M41","0D","CTX","Scene4",780,6221,4577.4,1203.5
"85","M41","0D","CTX","Scene2",1529,4619,4938.2,9844.4
"86","M41","0D","CTX","Scene5",978,6701,5737.8,9135.6
"87","M41","0D","CNU","Scene5",285,6701,6012.9,8004.6
"88","M41","0D","IB","Scene3",1735,5586.2,6421.9,5122.2
"89","M41","0D","CNU","Scene3",137,5586.2,7015.7,7628.4
"90","M41","0D","CNU","Scene5",220,6701,2864.3,8391.5
"91","M41","0D","fiber tracts","Scene5",66,6701,4385.6,3424.4
"92","M41","0D","CTX","Scene1",940,3870.4,1938.6,4029.6
"93","M41","0D","CNU","Scene3",894,5586.2,6472.5,4224.3
"94","M41","0D","CTX","Scene3",1279,5586.2,1841.5,2424.1
"95","M41","0D","CTX","Scene6",2450,7975.8,3507.1,9886.1
"96","M41","0D","CTX","Scene1",846,3870.4,2075.2,5540.6
"97","M41","0D","IB","Scene5",1532,6701,5751.1,6677
"98","M41","0D","IB","Scene5",3168,6701,5547.6,5596.4
"99","M41","0D","CTX","Scene2",745,4619,1134.6,3982
"100","M41","0D","CTX","Scene3",651,5586.2,2719.1,10110.2
"101","M41","0D","CNU","Scene2",1001,4619,4919,7491.2
"102","M41","0D","CTX","Scene3",1102,5586.2,1268.1,4056.7
"103","M41","0D","CNU","Scene4",1970,6221,4471.2,9271.1
"104","M41","0D","CTX","Scene1",642,3870.4,2466.4,4352.5
"105","M41","0D","CTX","Scene1",176,3870.4,1279.9,6906.9
"106","M41","0D","CTX","Scene6",3372,7975.8,5815.6,9623.8
"107","M41","0D","IB","Scene6",3465,7975.8,2860.3,7534.3
"108","M41","0D","CTX","Scene6",1378,7975.8,2751.3,2316.7
"109","M41","0D","CTX","Scene5",474,6701,2041.1,8421
"110","M41","0D","CTX","Scene5",757,6701,2729,10330.7
"111","M41","0D","CNU","Scene2",1178,4619,5961,7031.1
"112","M41","0D","CTX","Scene2",612,4619,5238.5,1707
"113","M41","0D","CNU","Scene3",839,5586.2,4321.9,2416.8
"114","M41","0D","fiber tracts","Scene6",190,7975.8,1082.6,6600.4
"115","M41","0D","CTX","Scene6",2307,7975.8,1586.4,7353.4
"116","M41","0D","CTX","Scene2",921,4619,3972.3,1629.3
"117","M41","0D","CTX","Scene1",719,3870.4,2138.2,2659.8
"118","M41","0D","CTX","Scene1",879,3870.4,5248.8,3114
"119","M41","0D","CTX","Scene4",2356,6221,1654.8,7967.6
"120","M41","0D","CNU","Scene3",97,5586.2,6775.8,6819.5
"121","M41","0D","IB","Scene5",3076,6701,3221.7,4481.7
"122","M41","0D","CTX","Scene4",2493,6221,4034.6,10261.2
"123","M41","0D","CTX","Scene4",2942,6221,682.2,6007.9
"124","M41","0D","CTX","Scene4",395,6221,1433.7,3719.7
"125","M41","0D","CTX","Scene5",2424,6701,3936.8,1540
"126","M41","0D","IB","Scene5",1563,6701,6055.1,6578.5
"127","M41","0D","MB","Scene6",1745,7975.8,3565.8,5508.9
"128","M41","0D","CTX","Scene5",930,6701,2768.3,6613.5
"129","M41","0D","CTX","Scene4",2419,6221,2551.7,5876.7
"130","M41","0D","CNU","Scene3",129,5586.2,3137.6,8546.3
"131","M41","0D","CTX","Scene3",565,5586.2,4291.8,10399.1
"132","M41","0D","CTX","Scene5",1963,6701,728,3548.6
"133","M41","0D","CTX","Scene6",2945,7975.8,2471.9,10517
"134","M41","0D","IB","Scene4",1551,6221,6388.1,4536.4
"135","M41","0D","CTX","Scene3",552,5586.2,3468.2,10164.8
"136","M41","0D","MB","Scene6",3496,7975.8,3883.6,6013.9
"137","M41","0D","IB","Scene4",1456,6221,3997,5323.6
"138","M41","0D","CTX","Scene5",1421,6701,6599.5,9834.4
"139","M41","0D","fiber tracts","Scene5",117,6701,1805.7,7897.9
"140","M41","0D","CTX","Scene2",846,4619,3410.8,2337.5
"141","M41","0D","CTX","Scene6",2259,7975.8,1118.8,6214.3
"142","M41","0D","CNU","Scene3",755,5586.2,2805.4,5154.3
"143","M41","0D","fiber tracts","Scene5",152,6701,1457.1,6705.2
"144","M41","0D","CTX","Scene6",2889,7975.8,6175.6,8033.5
"145","M41","0D","CTX","Scene6",2577,7975.8,2768.1,7963.6
"146","M41","0D","CTX","Scene6",1151,7975.8,4411.8,829.5
"147","M41","0D","fiber tracts","Scene6",2,7975.8,1102.4,4777
"148","M41","0D","CTX","Scene4",1405,6221,917,3091.8
"149","M41","0D","IB","Scene5",1593,6701,6460.4,6269.8
"150","M41","0D","CTX","Scene5",1076,6701,6764.7,8191
"151","M41","0D","CTX","Scene6",921,7975.8,6117,1953.7
"152","M41","0D","CTX","Scene2",1559,4619,2801.2,5867.8
"153","M41","0D","CTX","Scene6",2118,7975.8,2424.2,9792
"154","M41","0D","CNU","Scene2",1195,4619,6249.8,6604.4
"155","M41","0D","CTX","Scene6",3065,7975.8,5784.9,7606.8
"156","M41","0D","CTX","Scene5",498,6701,2605,10179.5
"157","M41","0D","CTX","Scene5",1951,6701,624.3,4128.9
"158","M41","0D","CNU","Scene5",1809,6701,5694.8,3257.4
"159","M41","0D","IB","Scene5",3276,6701,6868.2,5638.4
"160","M41","0D","CTX","Scene6",843,7975.8,4703.6,1103.9
"161","M41","0D","fiber tracts","Scene5",123,6701,2999.9,9162.6
"162","M41","0D","fiber tracts","Scene6",17,7975.8,1417.2,3751.8
"163","M41","0D","CTX","Scene5",2493,6701,4742,1665.4
"164","M41","0D","CTX","Scene6",2837,7975.8,6929,8655.8
"165","M41","0D","CTX","Scene4",730,6221,3826.1,1383.1
"166","M41","0D","CTX","Scene4",1137,6221,1657.4,4168
"167","M41","0D","CNU","Scene2",1092,4619,6191.4,7099.7
"168","M41","0D","CTX","Scene4",406,6221,1431.8,5038.2
"169","M41","0D","IB","Scene5",3263,6701,6638.3,4517.3
"170","M41","0D","CTX","Scene3",263,5586.2,1066.9,7301.8
"171","M41","0D","MB","Scene6",3562,7975.8,2384,6019.8
"172","M41","0D","CTX","Scene5",2591,6701,5899.7,1719.1
"173","M41","0D","CTX","Scene2",1635,4619,1063.7,6459.1
"174","M41","0D","CTX","Scene4",1223,6221,4150.2,907.5
"175","M41","0D","fiber tracts","Scene4",1733,6221,3083.1,4081.8
"176","M41","0D","CNU","Scene4",10,6221,3213.5,2755.2
"177","M41","0D","CTX","Scene2",578,4619,4811.3,1912.5
"178","M41","0D","IB","Scene4",1558,6221,6395.4,5576.2
"179","M41","0D","CTX","Scene2",1545,4619,1369.2,6658
"180","M41","0D","MB","Scene6",1956,7975.8,5827.2,4417.1
"181","M41","0D","CTX","Scene6",2913,7975.8,214.5,6868.2
"182","M41","0D","CTX","Scene6",2146,7975.8,497,7094.5
"183","M41","0D","CTX","Scene5",2160,6701,1289.9,2879.2
"184","M41","0D","CNU","Scene2",1285,4619,6928.4,8145.1
"185","M41","0D","CTX","Scene4",774,6221,4473.5,1581.7
"186","M41","0D","CTX","Scene2",683,4619,6086.8,2839.7
"187","M41","0D","CTX","Scene4",1226,6221,2115.4,2604.8
"188","M41","0D","CNU","Scene2",196,4619,5428.9,3837.8
"189","M41","0D","fiber tracts","Scene3",1860,5586.2,2349.4,6566.3
"190","M41","0D","CTX","Scene5",2677,6701,6747.2,2265
"191","M41","0D","MB","Scene6",1808,7975.8,5537.5,4153.8
"192","M41","0D","CTX","Scene3",1678,5586.2,4367.6,1278.7
"193","M41","0D","CTX","Scene6",2891,7975.8,6208,7927.6
"194","M41","0D","CTX","Scene6",2868,7975.8,5888.2,7799.2
"195","M41","0D","CTX","Scene6",3349,7975.8,835.5,7535.9
"196","M41","0D","CTX","Scene2",1470,4619,5164.1,9332.2
"197","M41","0D","CNU","Scene1",53,3870.4,5243.9,6912.7
"198","M41","0D","CTX","Scene5",1164,6701,714.1,8324.9
"199","M41","0D","CTX","Scene5",610,6701,993.4,6776.4
"200","M41","0D","CTX","Scene1",630,3870.4,2315.6,4554.1
"201","M41","0D","CTX","Scene4",434,6221,1595.1,4761.7
"202","M41","0D","CTX","Scene4",2571,6221,4987.4,10208.1
"203","M41","0D","CTX","Scene3",1620,5586.2,6741,2271.1
"204","M41","0D","CTX","Scene1",239,3870.4,2516.2,5934.9
"205","M41","0D","CTX","Scene3",317,5586.2,1252.8,5801.3
"206","M41","0D","CTX","Scene6",984,7975.8,3537.9,786.6
"207","M41","0D","CTX","Scene5",2902,6701,534.6,3538.3
"208","M41","0D","CTX","Scene3",1055,5586.2,963.8,3520.1
"209","M41","0D","CTX","Scene5",2070,6701,1375.4,5453.2
"210","M41","0D","CTX","Scene4",3055,6221,1636.7,9466.8
"211","M41","0D","CTX","Scene5",986,6701,5890.2,8813.3
"212","M41","0D","CNU","Scene3",851,5586.2,4595.2,2925.5
"213","M41","0D","CNU","Scene2",1259,4619,5191.6,7841.9
"214","M41","0D","CNU","Scene1",78,3870.4,6550.3,6074.3
"215","M41","0D","CTX","Scene1",638,3870.4,2420.5,4649.5
"216","M41","0D","CTX","Scene2",373,4619,2220.3,4532.5
"217","M41","0D","CTX","Scene2",1504,4619,4794,9885.2
"218","M41","0D","fiber tracts","Scene5",132,6701,3324.1,8212.9
"219","M41","0D","CTX","Scene5",1055,6701,6588.3,8724.3
"220","M41","0D","CTX","Scene5",1957,6701,632.7,5317.3
"221","M41","0D","CTX","Scene6",347,7975.8,746.4,3577.8
"222","M41","0D","CTX","Scene3",487,5586.2,4880,9708.2
"223","M41","0D","IB","Scene4",3242,6221,6415,6514.4
"224","M41","0D","CTX","Scene6",2531,7975.8,4247.3,10598.8
"225","M41","0D","CTX","Scene2",566,4619,4590.6,1518.3
"226","M41","0D","fiber tracts","Scene4",1777,6221,7085.2,4900.1
"227","M41","0D","CTX","Scene5",2849,6701,3138.8,1220.5
"228","M41","0D","CTX","Scene3",548,5586.2,860.5,6133.1
"229","M41","0D","CTX","Scene6",2463,7975.8,3626.5,10410.2
"230","M41","0D","CTX","Scene5",2797,6701,3957.7,1591.2
"231","M41","0D","IB","Scene5",1655,6701,3017.4,5913
"232","M41","0D","fiber tracts","Scene4",1942,6221,2431.7,5879.5
"233","M41","0D","CTX","Scene3",1134,5586.2,1452,4740.1
"234","M41","0D","CTX","Scene4",1227,6221,3221.6,1286.3
"235","M41","0D","CTX","Scene6",2445,7975.8,3481.4,9349.1
"236","M41","0D","CTX","Scene1",271,3870.4,3878.9,6162
"237","M41","0D","CTX","Scene4",2589,6221,5303.8,9984.1
"238","M41","0D","MB","Scene6",1711,7975.8,2371,4710.8
"239","M41","0D","CTX","Scene3",1283,5586.2,1857.9,2800.2
"240","M41","0D","CNU","Scene1",77,3870.4,6436.9,6033.9
"241","M41","0D","CTX","Scene6",2555,7975.8,4640.4,8619.3
"242","M41","0D","CTX","Scene5",895,6701,4372.7,9722.8
"243","M41","0D","IB","Scene4",1492,6221,5834.1,4019.2
"244","M41","0D","IB","Scene4",3172,6221,5587.4,6756.5
"245","M41","0D","CTX","Scene6",3170,7975.8,6367,8191.5
"246","M41","0D","CTX","Scene3",1324,5586.2,2907,2383.2
"247","M41","0D","fiber tracts","Scene4",1809,6221,2014.1,4002.6
"248","M41","0D","IB","Scene3",1742,5586.2,6479.6,4583.3
"249","M41","0D","CTX","Scene2",1361,4619,1308.1,6927.2
"250","M41","0D","CTX","Scene3",543,5586.2,1697.3,6034.6
"251","M41","0D","CNU","Scene1",449,3870.4,4800.7,3833.3
"252","M41","0D","CTX","Scene1",370,3870.4,1382.1,7471.6
"253","M41","0D","CTX","Scene5",477,6701,2068.7,8678.9
"254","M41","0D","fiber tracts","Scene2",1,4619,2763.8,4466.7
"255","M41","0D","fiber tracts","Scene5",52,6701,6161.7,3979.4
"256","M41","0D","CTX","Scene3",1212,5586.2,2000.6,5098.6
"257","M41","0D","CTX","Scene6",909,7975.8,6009.6,1791.2
"258","M41","0D","IB","Scene5",3289,6701,7181.9,5045.8
"259","M41","0D","CTX","Scene4",3102,6221,915.2,8390.8
"260","M41","0D","fiber tracts","Scene4",1912,6221,3355.8,8113.5
"261","M41","0D","fiber tracts","Scene4",1725,6221,1931.1,4476.7
"262","M41","0D","CTX","Scene1",930,3870.4,2037.7,5508.9
"263","M41","0D","CTX","Scene6",3165,7975.8,5955.6,8539.5
"264","M41","0D","CTX","Scene4",552,6221,1771.7,3021.5
"265","M41","0D","MB","Scene6",1723,7975.8,2664.5,5272.1
"266","M41","0D","fiber tracts","Scene6",187,7975.8,3457.8,9775.3
"267","M41","0D","IB","Scene5",1578,6701,6220.2,5996.8
"268","M41","0D","IB","Scene4",1715,6221,7080.5,5248.1
"269","M41","0D","CTX","Scene4",2988,6221,1180.8,5948.9
"270","M41","0D","CNU","Scene5",1816,6701,5880.3,3395.5
"271","M41","0D","CTX","Scene3",427,5586.2,3591.5,10198.2
"272","M41","0D","CTX","Scene5",1984,6701,866.1,4525.4
"273","M41","0D","CTX","Scene4",2570,6221,4970,9418.9
"274","M41","0D","fiber tracts","Scene3",1815,5586.2,2618.7,5447.3
"275","M41","0D","CTX","Scene2",390,4619,2460.6,4808.7
"276","M41","0D","CTX","Scene2",572,4619,4772.5,2529.8
"277","M41","0D","CTX","Scene4",3046,6221,2250.9,8373.1
"278","M41","0D","CTX","Scene3",1614,5586.2,6753.6,2229.1
"279","M41","0D","CTX","Scene6",1004,7975.8,3365.4,815.2
"280","M41","0D","CTX","Scene6",1128,7975.8,1654.4,1755.9
"281","M41","0D","CTX","Scene5",1000,6701,6011.8,9676.9
"282","M41","0D","CTX","Scene4",1242,6221,3081.1,1582.4
"283","M41","0D","CTX","Scene5",2018,6701,1075,5614.1
"284","M41","0D","CTX","Scene4",2715,6221,1547.9,9391.7
"285","M41","0D","CNU","Scene2",233,4619,6566.4,3112.3
"286","M41","0D","IB","Scene5",1656,6701,3238.3,5912.1
"287","M41","0D","CTX","Scene5",2210,6701,1834.6,1704.2
"288","M41","0D","CTX","Scene4",2428,6221,2949.9,9154.7
"289","M41","0D","IB","Scene3",713,5586.2,6343.2,5786.1
"290","M41","0D","CTX","Scene4",644,6221,2911.3,2294
"291","M41","0D","CTX","Scene5",1061,6701,6649.5,8669.1
"292","M41","0D","CTX","Scene6",3247,7975.8,5964.9,9074.1
"293","M41","0D","CTX","Scene3",179,5586.2,1714.6,9417.9
"294","M41","0D","CNU","Scene5",299,6701,6286.5,7880.4
"295","M41","0D","CTX","Scene6",1217,7975.8,5887.9,1968.2
"296","M41","0D","CTX","Scene3",1023,5586.2,647.6,4751.8
"297","M41","0D","CTX","Scene3",1565,5586.2,3430.5,1934.3
"298","M41","0D","CTX","Scene3",1058,5586.2,978.1,3709.1
"299","M41","0D","CTX","Scene6",3183,7975.8,3018.7,10327.5
"300","M41","0D","CTX","Scene2",435,4619,2354.6,2558.3
"301","M41","0D","CTX","Scene6",918,7975.8,6088.1,1606.7
"302","M41","0D","IB","Scene5",3117,6701,3815,4316.8
"303","M41","0D","IB","Scene4",1512,6221,5959.5,5287.3
"304","M41","0D","CTX","Scene6",593,7975.8,1647.2,2320.8
"305","M41","0D","CNU","Scene4",45,6221,4035.5,2276.2
"306","M41","0D","CTX","Scene5",2382,6701,3524.4,1082.2
"307","M41","0D","CTX","Scene6",3123,7975.8,5782.3,8766.1
"308","M41","0D","CTX","Scene6",2096,7975.8,2140.6,9571.8
"309","M41","0D","CTX","Scene3",1098,5586.2,1199.9,5210.9
"310","M41","0D","CTX","Scene5",707,6701,1615.4,8052.5
"311","M41","0D","CTX","Scene5",802,6701,3304.9,10156.9
"312","M41","0D","CTX","Scene1",686,3870.4,3834.6,5595.4
"313","M41","0D","CTX","Scene1",932,3870.4,4097.5,2863.7
"314","M41","0D","CNU","Scene2",164,4619,6100.4,4901.8
"315","M41","0D","CTX","Scene5",2099,6701,1776.9,5541.9
"316","M41","0D","CTX","Scene2",523,4619,3766,2431.9
"317","M41","0D","CTX","Scene1",782,3870.4,4407,5120.3
"318","M41","0D","fiber tracts","Scene6",228,7975.8,5541,6261.9
"319","M41","0D","CTX","Scene6",2023,7975.8,1176.3,8877.5
"320","M41","0D","CTX","Scene5",3035,6701,3926,1386.1
"321","M41","0D","CNU","Scene5",266,6701,5234.4,8990.6
"322","M41","0D","CTX","Scene1",575,3870.4,1666.8,5337
"323","M41","0D","CTX","Scene6",3024,7975.8,2629,7824.3
"324","M41","0D","CTX","Scene3",1259,5586.2,1640.3,2446.7
"325","M41","0D","CTX","Scene5",459,6701,1923.4,9992.7
"326","M41","0D","CTX","Scene5",479,6701,2102.1,8402.6
"327","M41","0D","IB","Scene5",1482,6701,4261.8,5975
"328","M41","0D","CTX","Scene5",955,6701,5398.7,9223.1
"329","M41","0D","CTX","Scene4",2820,6221,1182.1,8836.8
"330","M41","0D","fiber tracts","Scene6",65,7975.8,5832.1,4151.8
"331","M41","0D","CNU","Scene5",1906,6701,2845,2789.4
"332","M41","0D","CTX","Scene2",825,4619,1067.8,4209.9
"333","M41","0D","CNU","Scene3",770,5586.2,3400.6,4177.8
"334","M41","0D","CTX","Scene4",326,6221,1065.4,5078.9
"335","M41","0D","CTX","Scene4",2119,6221,1428.4,8334.8
"336","M41","0D","CTX","Scene1",675,3870.4,2961.4,4073.5
"337","M41","0D","CNU","Scene5",281,6701,5896.5,8052
"338","M41","0D","CTX","Scene2",800,4619,1567.9,2875.4
"339","M41","0D","CTX","Scene4",1098,6221,1952.2,1518.2
"340","M41","0D","CTX","Scene5",612,6701,990.6,6171.5
"341","M41","0D","CNU","Scene3",946,5586.2,3687.4,2671.2
"342","M41","0D","CTX","Scene4",547,6221,1724.6,2018
"343","M41","0D","CTX","Scene5",2740,6701,1030.4,3837.6
"344","M41","0D","CTX","Scene6",702,7975.8,3150.1,983.4
"345","M41","0D","CTX","Scene2",691,4619,6190.4,2517
"346","M41","0D","CTX","Scene2",500,4619,3278.6,1960.2
"347","M41","0D","MB","Scene6",3489,7975.8,2967.5,6408.2
"348","M41","0D","CTX","Scene1",579,3870.4,1716.1,5504.8
"349","M41","0D","CTX","Scene4",712,6221,3618,1396.4
"350","M41","0D","CTX","Scene5",1193,6701,7071.9,8992.4
"351","M41","0D","CTX","Scene1",766,3870.4,3515.6,2459.8
"352","M41","0D","CTX","Scene6",1013,7975.8,3762.6,785.8
"353","M41","0D","CTX","Scene5",398,6701,1202.7,8423.3
"354","M41","0D","CTX","Scene6",475,7975.8,1702.4,4265.5
"355","M41","0D","CTX","Scene2",580,4619,4830.2,2256.5
"356","M41","0D","CTX","Scene4",2753,6221,4628.2,10594.3
"357","M41","0D","CTX","Scene6",2041,7975.8,1347.1,8324
"358","M41","0D","CNU","Scene2",138,4619,5615.4,4451.5
"359","M41","0D","CTX","Scene5",1246,6701,5079.8,10463.4
"360","M41","0D","CTX","Scene5",2854,6701,4433.1,774.9
"361","M41","0D","CTX","Scene3",1437,5586.2,6208.3,1960.9
"362","M41","0D","CTX","Scene6",1029,7975.8,6527.1,3369.2
"363","M41","0D","CNU","Scene3",1006,5586.2,3313.3,4182.7
"364","M41","0D","CTX","Scene5",848,6701,3869.7,10547.9
"365","M41","0D","CNU","Scene3",821,5586.2,3887.1,3254.2
"366","M41","0D","CNU","Scene3",33,5586.2,3510.9,7201.5
"367","M41","0D","CTX","Scene6",3097,7975.8,1616.8,9698.2
"368","M41","0D","CNU","Scene4",2013,6221,6082.7,8291.2
"369","M41","0D","CTX","Scene2",750,4619,2613.9,1785.9
"370","M41","0D","IB","Scene3",1788,5586.2,6131.8,5649
"371","M41","0D","CTX","Scene2",716,4619,1119.1,4082.3
"372","M41","0D","CTX","Scene4",3035,6221,6886.4,9344.6
"373","M41","0D","CTX","Scene5",1316,6701,3880.2,10639.4
"374","M41","0D","CTX","Scene4",1300,6221,6231.7,1772.4
"375","M41","0D","MB","Scene6",1910,7975.8,2867.1,4247
"376","M41","0D","CTX","Scene3",1655,5586.2,857.4,4708.6
"377","M41","0D","CTX","Scene3",1319,5586.2,2761.7,1595.8
"378","M41","0D","CTX","Scene3",401,5586.2,3019.5,10114.4
"379","M41","0D","CTX","Scene6",1520,7975.8,6059.7,3404
"380","M41","0D","CTX","Scene2",737,4619,939.4,4926.2
"381","M41","0D","CTX","Scene3",675,5586.2,1552.8,7446.2
"382","M41","0D","CTX","Scene4",2323,6221,1336.3,6663.3
"383","M41","0D","CTX","Scene6",1211,7975.8,6861.7,2235.9
"384","M41","0D","CTX","Scene5",2521,6701,5070,1893.8
"385","M41","0D","CNU","Scene3",826,5586.2,4026.6,3363.7
"386","M41","0D","CTX","Scene6",890,7975.8,5720.1,1938.1
"387","M41","0D","CNU","Scene2",1088,4619,6105.5,8001.5
"388","M41","0D","IB","Scene6",3404,7975.8,3204.3,7799.6
"389","M41","0D","CTX","Scene6",675,7975.8,2671.4,2578.9
"390","M41","0D","CNU","Scene3",45,5586.2,5280.1,8118.5
"391","M41","0D","CTX","Scene2",986,4619,5737.4,2033.3
"392","M41","0D","CTX","Scene1",549,3870.4,1278.5,4994.9
"393","M41","0D","CNU","Scene5",236,6701,3501.1,9250.1
"394","M41","0D","CTX","Scene6",2254,7975.8,1074.5,7900.3
"395","M41","0D","CTX","Scene5",1403,6701,7010.1,9588.8
"396","M41","0D","CTX","Scene4",2519,6221,4368.1,9759.5
"397","M41","0D","CTX","Scene3",1227,5586.2,1106.4,3344.5
"398","M41","0D","CTX","Scene4",1082,6221,2033.9,1726.4
"399","M41","0D","CTX","Scene4",2730,6221,745,7796.8
"400","M41","0D","CTX","Scene1",329,3870.4,2755.3,9306.5
"401","M41","0D","CTX","Scene6",3234,7975.8,332.1,6963.8
"402","M41","0D","CTX","Scene6",1030,7975.8,2511.9,1067.9
"403","M41","0D","CTX","Scene5",2818,6701,1978,3678.1
"404","M41","0D","CTX","Scene6",2207,7975.8,819.6,7388
"405","M41","0D","IB","Scene6",3450,7975.8,6149.3,5777.2
"406","M41","0D","CTX","Scene4",1217,6221,1696.7,4033.2
"407","M41","0D","CTX","Scene6",1376,7975.8,3325.7,844.2
"408","M41","0D","CNU","Scene3",930,5586.2,6110.4,3253.9
"409","M41","0D","CTX","Scene5",1156,6701,6981.9,9591.4
"410","M41","0D","CTX","Scene5",1217,6701,441.1,6170.2
"411","M41","0D","CTX","Scene6",1115,7975.8,2289.9,1189.9
"412","M41","0D","CTX","Scene4",3036,6221,2383.2,9276.3
"413","M41","0D","CTX","Scene1",729,3870.4,2319.3,2852.5
"414","M41","0D","CNU","Scene2",1086,4619,6075.4,7883.2
"415","M41","0D","CNU","Scene3",948,5586.2,7139.8,3642.3
"416","M41","0D","CTX","Scene4",1378,6221,2820,2394.5
"417","M41","0D","CTX","Scene3",466,5586.2,4521.1,9683.3
"418","M41","0D","fiber tracts","Scene4",1775,6221,7064.4,4651.2
"419","M41","0D","CTX","Scene4",3118,6221,2263.2,9862.1
"420","M41","0D","CNU","Scene5",1805,6701,5587.8,2934.4
"421","M41","0D","CTX","Scene6",1496,7975.8,6253.3,2582.8
"422","M41","0D","CTX","Scene5",2501,6701,4773.5,898.1
"423","M41","0D","CTX","Scene4",522,6221,1387.7,2672.7
"424","M41","0D","IB","Scene5",1427,6701,3420.1,7233.2
"425","M41","0D","CTX","Scene5",1338,6701,3301.6,10364.4
"426","M41","0D","CTX","Scene5",2229,6701,2020.1,2920.3
"427","M41","0D","fiber tracts","Scene5",12,6701,1936.5,5505.4
"428","M41","0D","CTX","Scene3",171,5586.2,1509,8681.6
"429","M41","0D","CTX","Scene3",1205,5586.2,1939.5,5114.3
"430","M41","0D","CTX","Scene1",824,3870.4,4549.5,2853.2
"431","M41","0D","CNU","Scene5",1811,6701,5738.8,3142.3
"432","M41","0D","CNU","Scene4",136,6221,5751.2,2659.5
"433","M41","0D","CTX","Scene4",2562,6221,4846.2,10211.7
"434","M41","0D","CTX","Scene1",850,3870.4,4279.1,5568.4
"435","M41","0D","IB","Scene4",1663,6221,6321.4,5029.7
"436","M41","0D","CTX","Scene5",1145,6701,1272.5,5751.6
"437","M41","0D","CNU","Scene2",61,4619,3685.7,4686
"438","M41","0D","CTX","Scene1",691,3870.4,1694.8,3651.6
"439","M41","0D","MB","Scene6",3479,7975.8,2706.7,6050.1
"440","M41","0D","CNU","Scene3",916,5586.2,5537.8,3405.7
"441","M41","0D","CTX","Scene6",964,7975.8,6782.8,3093.1
"442","M41","0D","CTX","Scene4",2875,6221,2276.2,9810.1
"443","M41","0D","fiber tracts","Scene5",1,6701,1406.6,4657.7
"444","M41","0D","MB","Scene6",3481,7975.8,2722.7,6976
"445","M41","0D","CTX","Scene5",2182,6701,1528,1775.4
"446","M41","0D","CTX","Scene6",2686,7975.8,5719.1,8384.5
"447","M41","0D","CTX","Scene2",1367,4619,1342.7,6880.1
"448","M41","0D","CTX","Scene5",1272,6701,5385.4,10319
"449","M41","0D","IB","Scene6",1656,7975.8,5961,4802.1
"450","M41","0D","CTX","Scene4",498,6221,927.6,3160.6
"451","M41","0D","CTX","Scene4",2525,6221,4435.8,10112.1
"452","M41","0D","CNU","Scene3",118,5586.2,7075.8,7688.8
"453","M41","0D","CTX","Scene4",620,6221,2711.1,2508
"454","M41","0D","CTX","Scene6",1552,7975.8,3312.6,831.2
"455","M41","0D","CTX","Scene4",1011,6221,4532.8,885.9
"456","M41","0D","IB","Scene4",1685,6221,4057.6,4607.5
"457","M41","0D","CTX","Scene5",2954,6701,5774.1,1523.7
"458","M41","0D","IB","Scene4",1510,6221,5941.9,5382.4
"459","M41","0D","CTX","Scene2",758,4619,2682.7,1713
"460","M41","0D","CTX","Scene5",2540,6701,5399.7,2006.2
"461","M41","0D","CTX","Scene4",2279,6221,1044.6,6164.8
"462","M41","0D","CTX","Scene2",966,4619,3531.9,2087.6
"463","M41","0D","CTX","Scene6",3081,7975.8,4214.4,8886
"464","M41","0D","fiber tracts","Scene4",1802,6221,1953.3,4373
"465","M41","0D","CTX","Scene4",476,6221,1837.3,5390.4
"466","M41","0D","CTX","Scene5",2848,6701,4359.5,1178.6
"467","M41","0D","CTX","Scene6",973,7975.8,6937.9,2669
"468","M41","0D","CTX","Scene5",1177,6701,7269.5,9401.5
"469","M41","0D","fiber tracts","Scene6",133,7975.8,1528.3,3485.6
"470","M41","0D","CTX","Scene3",1634,5586.2,2193.8,2614
"471","M41","0D","CTX","Scene6",1581,7975.8,6517,1785.8
"472","M41","0D","CTX","Scene6",1255,7975.8,541.2,4078.4
"473","M41","0D","CTX","Scene5",2394,6701,3681.4,1405.3
"474","M41","0D","IB","Scene6",1646,7975.8,5590.1,5248.7
"475","M41","0D","CTX","Scene5",2437,6701,4129.9,1288.2
"476","M41","0D","CTX","Scene1",294,3870.4,5324.1,7565
"477","M41","0D","CTX","Scene4",2364,6221,1619.4,5805.2
"478","M41","0D","CTX","Scene4",3051,6221,5061,9844.1
"479","M41","0D","CTX","Scene4",2645,6221,6295.3,9457.1
"480","M41","0D","IB","Scene4",1598,6221,6955.7,5659.5
"481","M41","0D","CTX","Scene6",299,7975.8,261.5,5192.9
"482","M41","0D","IB","Scene4",1643,6221,4175.2,3605.8
"483","M41","0D","CTX","Scene2",316,4619,1314.9,4304
"484","M41","0D","MB","Scene6",3502,7975.8,4144.2,5834.1
"485","M41","0D","fiber tracts","Scene5",131,6701,3307.7,9309.6
"486","M41","0D","CTX","Scene6",2358,7975.8,2542.8,9794.9
"487","M41","0D","CTX","Scene5",1154,6701,2764.7,10441.7
"488","M41","0D","CTX","Scene6",449,7975.8,1319.3,5003.1
"489","M41","0D","MB","Scene6",3512,7975.8,5404.8,5918
"490","M41","0D","CTX","Scene6",2843,7975.8,6951,8750.1
"491","M41","0D","CTX","Scene5",631,6701,1101.3,6495.3
"492","M41","0D","fiber tracts","Scene4",1724,6221,1873.2,4917
"493","M41","0D","CTX","Scene3",278,5586.2,1063.3,5823.1
"494","M41","0D","CTX","Scene5",2347,6701,3170,1262
"495","M41","0D","CTX","Scene6",647,7975.8,2673,3872.6
"496","M41","0D","CTX","Scene4",1146,6221,5535.3,1365.9
"497","M41","0D","CNU","Scene5",313,6701,6554,8105
"498","M41","0D","CTX","Scene4",436,6221,1575.1,5274.2
"499","M41","0D","fiber tracts","Scene6",247,7975.8,1540.6,7148.8
"500","M41","0D","CTX","Scene5",1030,6701,6343.7,8687.4
"501","M41","0D","CTX","Scene1",138,3870.4,2706.3,9004.2
"502","M41","0D","CTX","Scene4",883,6221,6215.8,2067.2
"503","M41","0D","CNU","Scene4",1969,6221,4329,9357.2
"504","M41","0D","IB","Scene5",3355,6701,4263.9,5078.7
"505","M41","0D","CNU","Scene1",62,3870.4,5590.1,5943.3
"506","M41","0D","CTX","Scene5",984,6701,5871.3,9109.3
"507","M41","0D","CTX","Scene3",1603,5586.2,5113.1,2037.1
"508","M41","0D","CTX","Scene6",2604,7975.8,5004,8773.7
"509","M41","0D","CTX","Scene2",416,4619,2034.5,2423.2
"510","M41","0D","CNU","Scene2",281,4619,7025.2,4008.3
"511","M41","0D","CTX","Scene3",421,5586.2,3385.9,9190.1
"512","M41","0D","CTX","Scene3",622,5586.2,6705.4,8877.3
"513","M41","0D","CNU","Scene4",245,6221,5387.4,3253.7
"514","M41","0D","CTX","Scene4",2377,6221,1778.8,7940
"515","M41","0D","CTX","Scene3",500,5586.2,5951.3,8889.4
"516","M41","0D","CTX","Scene3",1499,5586.2,1069.5,5618.7
"517","M41","0D","CTX","Scene5",1933,6701,431.1,4402.3
"518","M41","0D","CTX","Scene2",1429,4619,2583.9,5747.8
"519","M41","0D","CTX","Scene6",2587,7975.8,3011.3,8278.8
"520","M41","0D","CTX","Scene6",2175,7975.8,672.2,6828.2
"521","M41","0D","MB","Scene6",1841,7975.8,5736.4,4572.9
"522","M41","0D","CTX","Scene6",2888,7975.8,6173.3,7631.7
"523","M41","0D","CTX","Scene5",1084,6701,6860.7,8794.1
"524","M41","0D","fiber tracts","Scene4",1918,6221,4836.6,9425.2
"525","M41","0D","CTX","Scene4",3006,6221,1780.8,9207.8
"526","M41","0D","CTX","Scene6",2391,7975.8,2918.5,10191
"527","M41","0D","CNU","Scene2",72,4619,4809.6,5426.5
"528","M41","0D","IB","Scene5",1446,6701,3036,6727.1
"529","M41","0D","CTX","Scene5",862,6701,4016,10170
"530","M41","0D","IB","Scene5",3209,6701,6072.1,4630.2
"531","M41","0D","CTX","Scene6",389,7975.8,911.4,5477.2
"532","M41","0D","CTX","Scene6",3036,7975.8,1599.6,8811.7
"533","M41","0D","CTX","Scene4",2397,6221,1795.2,5901.8
"534","M41","0D","CTX","Scene5",1186,6701,4940.6,10528.6
"535","M41","0D","CNU","Scene3",862,5586.2,5193.5,5054.8
"536","M41","0D","CNU","Scene2",133,4619,5588.1,4757.5
"537","M41","0D","CTX","Scene6",2040,7975.8,1362.6,9138.8
"538","M41","0D","CTX","Scene6",704,7975.8,3185.9,2699.9
"539","M41","0D","CTX","Scene4",391,6221,1439.3,3361.5
"540","M41","0D","IB","Scene5",3127,6701,4031.9,3323.8
"541","M41","0D","CTX","Scene2",529,4619,3906.9,2150.3
"542","M41","0D","CTX","Scene4",1311,6221,3588,1948.8
"543","M41","0D","CTX","Scene6",1081,7975.8,3871.9,784.7
"544","M41","0D","CTX","Scene6",469,7975.8,1613.8,5645.2
"545","M41","0D","fiber tracts","Scene6",155,7975.8,5897.5,4267.7
"546","M41","0D","CTX","Scene1",188,3870.4,1465,5966
"547","M41","0D","CTX","Scene6",3130,7975.8,418.3,7372.4
"548","M41","0D","CTX","Scene6",3047,7975.8,334.4,7474.3
"549","M41","0D","CTX","Scene5",1187,6701,520.5,6103.2
"550","M41","0D","CTX","Scene5",1155,6701,1188.8,5761.3
"551","M41","0D","CNU","Scene3",148,5586.2,5193.1,6279.8
"552","M41","0D","CTX","Scene6",1054,7975.8,6057.2,3811.8
"553","M41","0D","CTX","Scene6",491,7975.8,1819.4,4036.3
"554","M41","0D","CTX","Scene4",2853,6221,4578.1,10577.3
"555","M41","0D","CTX","Scene3",1397,5586.2,4328.1,1156.2
"556","M41","0D","CTX","Scene6",2291,7975.8,1407.8,6238.5
"557","M41","0D","CTX","Scene5",2960,6701,2213.2,2413.6
"558","M41","0D","CTX","Scene3",1607,5586.2,1442.1,5600.3
"559","M41","0D","CTX","Scene3",1606,5586.2,6214.6,2715.2
"560","M41","0D","IB","Scene5",3372,6701,4011.4,3511.2
"561","M41","0D","CTX","Scene5",670,6701,1320.2,7023.6
"562","M41","0D","IB","Scene4",3174,6221,5621.5,6881
"563","M41","0D","CTX","Scene6",3289,7975.8,3593.1,10456.5
"564","M41","0D","CNU","Scene1",415,3870.4,3539.1,4047
"565","M41","0D","CTX","Scene6",2337,7975.8,2079.7,5982.7
"566","M41","0D","fiber tracts","Scene3",1831,5586.2,7119.6,5090.9
"567","M41","0D","fiber tracts","Scene4",1792,6221,6350.1,3414.8
"568","M41","0D","CTX","Scene4",1357,6221,3009.9,1050.5
"569","M41","0D","CTX","Scene5",2929,6701,1975,1610.4
"570","M41","0D","CTX","Scene4",2905,6221,6815.3,7689.6
"571","M41","0D","CTX","Scene6",1282,7975.8,581.5,4209.1
"572","M41","0D","CTX","Scene6",2613,7975.8,5076.8,8595
"573","M41","0D","CNU","Scene5",230,6701,3193.2,8972.8
"574","M41","0D","IB","Scene3",1698,5586.2,5454.9,5487.7
"575","M41","0D","CTX","Scene6",2017,7975.8,1129.3,9084.3
"576","M41","0D","fiber tracts","Scene3",1863,5586.2,2505.9,7382.9
"577","M41","0D","CTX","Scene6",315,7975.8,510.7,5135.3
"578","M41","0D","CNU","Scene3",750,5586.2,2654.4,5233.7
"579","M41","0D","CTX","Scene6",3215,7975.8,785.1,6261.3
"580","M41","0D","CTX","Scene1",600,3870.4,1964.5,4064.1
"581","M41","0D","IB","Scene4",3281,6221,7144,5979.5
"582","M41","0D","CTX","Scene4",957,6221,6893.6,2132.5
"583","M41","0D","IB","Scene4",1648,6221,5866.2,4284.7
"584","M41","0D","fiber tracts","Scene5",20,6701,2861.4,2481
"585","M41","0D","CTX","Scene4",3107,6221,5133.4,10374.1
"586","M41","0D","IB","Scene4",3319,6221,3340.4,6112.1
"587","M41","0D","fiber tracts","Scene2",27,4619,3010.4,4749.4
"588","M41","0D","CTX","Scene6",851,7975.8,4832.2,1508.2
"589","M41","0D","CTX","Scene2",694,4619,6289.3,3090.4
"590","M41","0D","CTX","Scene4",984,6221,7277.3,2938.5
"591","M41","0D","CTX","Scene5",2010,6701,1035,4917.9
"592","M41","0D","CTX","Scene6",508,7975.8,1929.4,3565.9
"593","M41","0D","CTX","Scene6",891,7975.8,5750.5,2340
"594","M41","0D","CTX","Scene6",2120,7975.8,2451.2,9727.6
"595","M41","0D","CTX","Scene5",2155,6701,1209.6,2809
"596","M41","0D","CTX","Scene5",2683,6701,6848.3,2581.1
"597","M41","0D","CTX","Scene4",2473,6221,3784.2,9977.6
"598","M41","0D","CTX","Scene6",2131,7975.8,278.2,6508.6
"599","M41","0D","CTX","Scene4",568,6221,1970.1,1969.9
"600","M41","0D","IB","Scene4",1684,6221,6860.9,5124.6
"601","M41","0D","CTX","Scene2",394,4619,2545.5,5179.5
"602","M41","0D","CTX","Scene3",364,5586.2,1759.7,7183.4
"603","M41","0D","CTX","Scene3",1436,5586.2,6207.3,2307.5
"604","M41","0D","CTX","Scene4",1241,6221,3320.5,1531.4
"605","M41","0D","CTX","Scene6",976,7975.8,6967.9,2346
"606","M41","0D","IB","Scene4",3163,6221,5450.4,6030.6
"607","M41","0D","IB","Scene5",1478,6701,4125.8,6919.2
"608","M41","0D","CTX","Scene3",1132,5586.2,1462.1,3705.7
"609","M41","0D","CNU","Scene2",1215,4619,6593.3,6158.5
"610","M41","0D","IB","Scene5",3170,6701,5645.7,4836.3
"611","M41","0D","CTX","Scene6",2300,7975.8,1523.9,7423.1
"612","M41","0D","CTX","Scene5",1286,6701,1814,8150.7
"613","M41","0D","CTX","Scene1",760,3870.4,3071.1,3700.9
"614","M41","0D","CTX","Scene4",309,6221,985.5,4577.5
"615","M41","0D","CTX","Scene4",938,6221,6762.2,3026.1
"616","M41","0D","CTX","Scene4",2668,6221,6630.5,8131.1
"617","M41","0D","CTX","Scene2",1472,4619,5335.8,8980.9
"618","M41","0D","CTX","Scene6",3261,7975.8,1819.6,9185
"619","M41","0D","IB","Scene5",1536,6701,5756.5,6333.6
"620","M41","0D","IB","Scene4",3361,6221,3311.6,6474.5
"621","M41","0D","MB","Scene6",1812,7975.8,5560,4308.1
"622","M41","0D","CTX","Scene5",496,6701,2579.9,9705.6
"623","M41","0D","CTX","Scene6",1031,7975.8,532.5,3575.1
"624","M41","0D","CTX","Scene4",2260,6221,976.5,6798.1
"625","M41","0D","CNU","Scene2",1291,4619,5977.3,6676.6
"626","M41","0D","CTX","Scene5",2776,6701,2797.5,1410.2
"627","M41","0D","CNU","Scene5",1919,6701,6562.3,3755.9
"628","M41","0D","IB","Scene4",3140,6221,3534.1,7040.7
"629","M41","0D","CTX","Scene6",3041,7975.8,1859.5,6437
"630","M41","0D","CTX","Scene2",1491,4619,5922.9,8434.8
"631","M41","0D","CTX","Scene6",871,7975.8,5340.5,1565.1
"632","M41","0D","CTX","Scene5",2327,6701,3037.3,1598.2
"633","M41","0D","CTX","Scene3",1059,5586.2,946,4805.5
"634","M41","0D","CTX","Scene4",503,6221,1121.6,3168.9
"635","M41","0D","CTX","Scene5",1026,6701,6299.6,9488.4
"636","M41","0D","CTX","Scene2",1572,4619,1048.3,6474.3
"637","M41","0D","CTX","Scene4",992,6221,1172.4,2551
"638","M41","0D","CTX","Scene4",2675,6221,6693.9,9466.2
"639","M41","0D","fiber tracts","Scene5",73,6701,5109.2,2043.7
"640","M41","0D","CTX","Scene5",2497,6701,4784.6,1822
"641","M41","0D","CNU","Scene5",298,6701,6266.6,8100
"642","M41","0D","CTX","Scene4",414,6221,1504.3,4462.2
"643","M41","0D","IB","Scene4",3309,6221,6536.7,5925.6
"644","M41","0D","CNU","Scene3",926,5586.2,5669.1,2887.6
"645","M41","0D","CTX","Scene6",441,7975.8,1248.5,5349.1
"646","M41","0D","CTX","Scene2",970,4619,5468.9,2094.3
"647","M41","0D","CTX","Scene1",747,3870.4,2838.8,3778.7
"648","M41","0D","IB","Scene4",1576,6221,6696.4,4753.2
"649","M41","0D","CTX","Scene5",678,6701,1339.7,6256.2
"650","M41","0D","CTX","Scene6",1028,7975.8,1132.7,2365.4
"651","M41","0D","CTX","Scene6",1598,7975.8,1339.8,1960.5
"652","M41","0D","CTX","Scene5",499,6701,2624.6,10329.8
"653","M41","0D","CTX","Scene2",1490,4619,5913.4,8526.4
"654","M41","0D","CTX","Scene1",291,3870.4,4762.5,8431.3
"655","M41","0D","CTX","Scene6",2097,7975.8,2153.5,9446.8
"656","M41","0D","CTX","Scene6",1289,7975.8,293.9,4828.2
"657","M41","0D","CTX","Scene3",1183,5586.2,1761.6,5421.8
"658","M41","0D","CTX","Scene6",2750,7975.8,6204,9044
"659","M41","0D","CTX","Scene6",2470,7975.8,3700.8,8760.2
"660","M41","0D","CTX","Scene4",792,6221,4844.4,1881.4
"661","M41","0D","fiber tracts","Scene6",129,7975.8,1242.5,4327.1
"662","M41","0D","CTX","Scene6",2654,7975.8,5356.9,9061
"663","M41","0D","CTX","Scene5",842,6701,3779.9,10487.9
"664","M41","0D","CNU","Scene4",1986,6221,5779,7972.1
"665","M41","0D","fiber tracts","Scene2",31,4619,2891.3,4169.8
"666","M41","0D","CTX","Scene6",545,7975.8,2213.5,5003.4
"667","M41","0D","CTX","Scene6",2957,7975.8,2531.6,7796.5
"668","M41","0D","CTX","Scene5",846,6701,3859.3,10105.6
"669","M41","0D","CTX","Scene2",913,4619,2589.2,3799.8
"670","M41","0D","CTX","Scene4",2384,6221,1698.3,6016.2
"671","M41","0D","CTX","Scene5",2925,6701,694.5,3665.8
"672","M41","0D","CTX","Scene3",1027,5586.2,689.9,5016.3
"673","M41","0D","CTX","Scene4",405,6221,1459.5,4407.2
"674","M41","0D","CTX","Scene6",1119,7975.8,5540.2,3531.1
"675","M41","0D","CTX","Scene5",2206,6701,1791.7,1681.6
"676","M41","0D","CTX","Scene1",876,3870.4,3981.3,3481.3
"677","M41","0D","CTX","Scene4",906,6221,6497.2,2751.6
"678","M41","0D","CTX","Scene1",164,3870.4,3522.6,8632.7
"679","M41","0D","CTX","Scene5",2015,6701,1083.9,3202.5
"680","M41","0D","CTX","Scene6",819,7975.8,5742.2,3255.7
"681","M41","0D","CTX","Scene4",2470,6221,3727.9,10437
"682","M41","0D","CTX","Scene4",556,6221,1830.1,2834.2
"683","M41","0D","CTX","Scene6",2184,7975.8,710.8,7626.9
"684","M41","0D","CTX","Scene4",2757,6221,3290.3,9822.6
"685","M41","0D","IB","Scene4",1692,6221,5700.6,5660.4
"686","M41","0D","CTX","Scene3",1576,5586.2,7066.8,2672.9
"687","M41","0D","CNU","Scene4",2066,6221,6480.7,7746.7
"688","M41","0D","CNU","Scene2",1115,4619,6702,7179.2
"689","M41","0D","MB","Scene6",1888,7975.8,5833.7,4373.8
"690","M41","0D","CTX","Scene3",1525,5586.2,7175.3,2905.5
"691","M41","0D","IB","Scene5",3231,6701,6291.9,4934.8
"692","M41","0D","IB","Scene5",3096,6701,3440.2,5156
"693","M41","0D","IB","Scene5",3166,6701,5551.8,4613.1
"694","M41","0D","CTX","Scene5",2690,6701,6980.4,2800.6
"695","M41","0D","CTX","Scene6",2148,7975.8,493.7,8077.6
"696","M41","0D","CTX","Scene3",600,5586.2,3895.4,10038.4
"697","M41","0D","CNU","Scene2",144,4619,5757.2,4989.8
"698","M41","0D","CTX","Scene6",2771,7975.8,6331.7,8981
"699","M41","0D","IB","Scene4",3274,6221,7023.4,6282
"700","M41","0D","CTX","Scene3",346,5586.2,1530.1,6303.8
"701","M41","0D","CTX","Scene6",3206,7975.8,1715.4,9749.2
"702","M41","0D","CTX","Scene2",924,4619,1037.7,4231
"703","M41","0D","CTX","Scene3",1045,5586.2,850,5135.4
"704","M41","0D","CTX","Scene6",527,7975.8,2092.7,4444.5
"705","M41","0D","CTX","Scene2",501,4619,3321.7,2107.6
"706","M41","0D","MB","Scene6",1850,7975.8,5819.5,4734.2
"707","M41","0D","CNU","Scene4",141,6221,5860.8,3897
"708","M41","0D","CTX","Scene5",1395,6701,5639.6,10192.2
"709","M41","0D","CTX","Scene3",632,5586.2,2159.2,5736.5
"710","M41","0D","CTX","Scene6",3394,7975.8,2231.6,6331.5
"711","M41","0D","CTX","Scene5",1033,6701,6384.6,8831.9
"712","M41","0D","CNU","Scene2",1209,4619,6448.8,6910.9
"713","M41","0D","CTX","Scene5",859,6701,4017.9,10543.8
"714","M41","0D","CTX","Scene4",2248,6221,968.2,7691
"715","M41","0D","CNU","Scene4",80,6221,4764.7,2675.3
"716","M41","0D","CTX","Scene6",2370,7975.8,2678.4,9719.8
"717","M41","0D","CNU","Scene2",123,4619,5547,5493.4
"718","M41","0D","fiber tracts","Scene5",158,6701,1532,6542.1
"719","M41","0D","IB","Scene4",3304,6221,7119.5,5985.4
"720","M41","0D","CTX","Scene4",409,6221,1420.1,5660.8
"721","M41","0D","CTX","Scene2",1541,4619,1685,6833.6
"722","M41","0D","CTX","Scene4",1189,6221,4281.7,1132.3
"723","M41","0D","CNU","Scene3",897,5586.2,6892.1,4256.7
"724","M41","0D","IB","Scene6",3461,7975.8,5706.8,6277.3
"725","M41","0D","CTX","Scene5",3017,6701,3728.7,1382.2
"726","M41","0D","CTX","Scene6",2473,7975.8,3702.9,10120.7
"727","M41","0D","CTX","Scene6",2475,7975.8,3733.3,9358.2
"728","M41","0D","CNU","Scene5",1812,6701,5760.6,3972.8
"729","M41","0D","CTX","Scene6",1578,7975.8,1204.3,5701.4
"730","M41","0D","CTX","Scene5",765,6701,2812.1,9554.3
"731","M41","0D","CTX","Scene6",2138,7975.8,455.6,6223.8
"732","M41","0D","CTX","Scene2",1519,4619,957.2,6720.6
"733","M41","0D","CTX","Scene3",333,5586.2,1445.6,6789.7
"734","M41","0D","CTX","Scene6",949,7975.8,6528.3,1928.8
"735","M41","0D","CTX","Scene6",3376,7975.8,2123.9,8746.3
"736","M41","0D","CTX","Scene1",299,3870.4,4017.7,6374.2
"737","M41","0D","MB","Scene6",3468,7975.8,2353.4,6828.7
"738","M41","0D","CNU","Scene2",998,4619,3548.8,7971.6
"739","M41","0D","CTX","Scene2",1376,4619,1583.6,6780.4
"740","M41","0D","CTX","Scene6",1374,7975.8,5207.2,941.8
"741","M41","0D","CTX","Scene5",2766,6701,5097.8,952.5
"742","M41","0D","CTX","Scene2",871,4619,957.8,5236.6
"743","M41","0D","CTX","Scene6",417,7975.8,1088,5235.5
"744","M41","0D","CTX","Scene4",2242,6221,961.6,8201.6
"745","M41","0D","CNU","Scene4",2087,6221,6336.3,7931.3
"746","M41","0D","CTX","Scene5",1167,6701,7219.5,9410.2
"747","M41","0D","CTX","Scene5",677,6701,1355.7,6820.3
"748","M41","0D","CTX","Scene5",2400,6701,3759.6,1853.2
"749","M41","0D","CTX","Scene4",258,6221,608.1,4399.2
"750","M41","0D","CTX","Scene2",731,4619,5048,1623.4
"751","M41","0D","CTX","Scene4",2137,6221,1854.5,9462.2
"752","M41","0D","CNU","Scene1",30,3870.4,4980.9,6395.5
"753","M41","0D","CTX","Scene6",905,7975.8,5924.6,1558.4
"754","M41","0D","CTX","Scene4",481,6221,1974.9,3485.6
"755","M41","0D","CTX","Scene3",303,5586.2,1287.4,7949.7
"756","M41","0D","CTX","Scene4",2228,6221,838.6,7412.2
"757","M41","0D","CTX","Scene5",2944,6701,1565.2,3605
"758","M41","0D","CTX","Scene5",1082,6701,6820.3,9686.3
"759","M41","0D","CNU","Scene2",1276,4619,4477.2,6719.4
"760","M41","0D","fiber tracts","Scene3",1865,5586.2,2691,5846.5
"761","M41","0D","CTX","Scene4",2970,6221,6754.2,8662.1
"762","M41","0D","CNU","Scene1",458,3870.4,5075.8,5206
"763","M41","0D","CTX","Scene1",361,3870.4,1394.2,7424.5
"764","M41","0D","CTX","Scene6",1042,7975.8,5225.9,941.6
"765","M41","0D","CTX","Scene3",1450,5586.2,6420.2,2387.4
"766","M41","0D","CTX","Scene5",2143,6701,993.7,2659.1
"767","M41","0D","CTX","Scene4",1131,6221,1785.9,3360.9
"768","M41","0D","CNU","Scene5",1862,6701,6931.7,3875.5
"769","M41","0D","CTX","Scene5",2699,6701,7139,2420.8
"770","M41","0D","MB","Scene6",1845,7975.8,5773.8,4634.1
"771","M41","0D","CTX","Scene1",883,3870.4,5299,3752.9
"772","M41","0D","CTX","Scene4",2311,6221,1283.9,7033.5
"773","M41","0D","CNU","Scene4",2009,6221,6061.8,8249.3
"774","M41","0D","CTX","Scene6",1309,7975.8,2009.5,3860.2
"775","M41","0D","CTX","Scene5",954,6701,5394.6,9099.6
"776","M41","0D","CTX","Scene2",643,4619,5542.3,2995.4
"777","M41","0D","IB","Scene5",1457,6701,3201.6,5993
"778","M41","0D","IB","Scene4",1706,6221,7130.1,5372.7
"779","M41","0D","CTX","Scene6",2130,7975.8,256.8,6551.9
"780","M41","0D","fiber tracts","Scene4",1875,6221,5635.3,9068.1
"781","M41","0D","MB","Scene6",1877,7975.8,5516.8,4107.3
"782","M41","0D","CTX","Scene1",851,3870.4,2702.2,2174.3
"783","M41","0D","CTX","Scene5",2106,6701,1872.8,4745
"784","M41","0D","CTX","Scene6",1264,7975.8,587,3382.7
"785","M41","0D","CTX","Scene6",2914,7975.8,5646.3,9053.9
"786","M41","0D","CTX","Scene5",3049,6701,4408.8,835.2
"787","M41","0D","CTX","Scene3",611,5586.2,1644.1,5778.5
"788","M41","0D","fiber tracts","Scene6",174,7975.8,1700.1,8629
"789","M41","0D","CTX","Scene6",2588,7975.8,4856.3,8948.6
"790","M41","0D","CNU","Scene3",899,5586.2,4936.3,3064
"791","M41","0D","CTX","Scene3",1434,5586.2,6168.7,2178.4
"792","M41","0D","CTX","Scene6",3163,7975.8,2857.2,10614
"793","M41","0D","CTX","Scene2",413,4619,1959.8,2746.9
"794","M41","0D","CTX","Scene6",1319,7975.8,4011.1,862.6
"795","M41","0D","fiber tracts","Scene5",199,6701,1998.2,5812.5
"796","M41","0D","CTX","Scene6",1121,7975.8,3958.1,1183.2
"797","M41","0D","CTX","Scene5",629,6701,1094.1,6196.9
"798","M41","0D","CTX","Scene1",928,3870.4,4503.7,2550.4
"799","M41","0D","CTX","Scene4",1380,6221,5916.8,1808.6
"800","M41","0D","CTX","Scene6",3253,7975.8,1640.9,6211.6
"801","M41","0D","IB","Scene5",3311,6701,7166.4,5661.3
"802","M41","0D","CTX","Scene4",2521,6221,4389.9,10011
"803","M41","0D","fiber tracts","Scene5",41,6701,3710.3,1929.5
"804","M41","0D","CTX","Scene6",820,7975.8,5802.9,3670
"805","M41","0D","CTX","Scene6",478,7975.8,1718.4,4012.2
"806","M41","0D","CTX","Scene5",973,6701,5682.3,8893.6
"807","M41","0D","CTX","Scene4",1365,6221,6981,2408.5
"808","M41","0D","IB","Scene4",1693,6221,6366,5349
"809","M41","0D","CTX","Scene2",1346,4619,3378.1,9936.9
"810","M41","0D","CTX","Scene2",922,4619,2154,2223
"811","M41","0D","CTX","Scene6",2506,7975.8,4019.8,10261.2
"812","M41","0D","CTX","Scene6",1075,7975.8,2842,944.6
"813","M41","0D","CTX","Scene1",594,3870.4,1890.4,4935.7
"814","M41","0D","CTX","Scene6",2677,7975.8,5588.4,10011.6
"815","M41","0D","CTX","Scene4",627,6221,2806.8,5276.4
"816","M41","0D","CTX","Scene1",698,3870.4,1837.1,3320.8
"817","M41","0D","CTX","Scene4",1075,6221,5625.2,1385.1
"818","M41","0D","fiber tracts","Scene3",1838,5586.2,7019.7,5671.7
"819","M41","0D","CTX","Scene6",1519,7975.8,3094.5,2421.2
"820","M41","0D","MB","Scene6",1753,7975.8,5206.7,4430.9
"821","M41","0D","CTX","Scene5",1126,6701,5258,10350.6
"822","M41","0D","CNU","Scene3",766,5586.2,3063.4,4917.1
"823","M41","0D","IB","Scene4",1612,6221,3404.5,5445.8
"824","M41","0D","CTX","Scene3",1225,5586.2,2354.7,5341
"825","M41","0D","CTX","Scene3",1631,5586.2,1123.9,3991.6
"826","M41","0D","CNU","Scene4",88,6221,5095.9,2325.2
"827","M41","0D","CTX","Scene6",2505,7975.8,4000.9,10542.5
"828","M41","0D","fiber tracts","Scene6",33,7975.8,2647.6,4143.2
"829","M41","0D","CTX","Scene3",377,5586.2,1892.6,7008.1
"830","M41","0D","fiber tracts","Scene5",124,6701,3131.1,8057.7
"831","M41","0D","MB","Scene6",1945,7975.8,2900.7,5500
"832","M41","0D","CTX","Scene3",1166,5586.2,1655.8,5145.8
"833","M41","0D","CTX","Scene6",1605,7975.8,3877.8,809.3
"834","M41","0D","CNU","Scene2",202,4619,5471.1,3103.6
"835","M41","0D","CTX","Scene2",807,4619,3336.6,1823.3
"836","M41","0D","fiber tracts","Scene1",9,3870.4,4685.7,7644.3
"837","M41","0D","CTX","Scene4",1185,6221,6505,2358.1
"838","M41","0D","CTX","Scene6",944,7975.8,6392.5,1702.9
"839","M41","0D","CTX","Scene6",620,7975.8,2091.1,2113.3
"840","M41","0D","CTX","Scene6",1310,7975.8,5322.7,1632.5
"841","M41","0D","CTX","Scene5",1199,6701,3188.8,10282.5
"842","M41","0D","CTX","Scene6",2762,7975.8,6241.4,9846.9
"843","M41","0D","CTX","Scene4",2896,6221,3137.2,9676.1
"844","M41","0D","CTX","Scene6",2906,7975.8,3353.5,10779.4
"845","M41","0D","CTX","Scene5",2340,6701,3111.2,1331.5
"846","M41","0D","CTX","Scene5",2705,6701,2874.8,977.9
"847","M41","0D","CTX","Scene6",751,7975.8,3910,1018.6
"848","M41","0D","CTX","Scene6",2208,7975.8,819.3,6746
"849","M41","0D","CTX","Scene5",2046,6701,1225.7,3206.9
"850","M41","0D","CTX","Scene1",587,3870.4,1845.1,3769.8
"851","M41","0D","CNU","Scene3",972,5586.2,7086.5,3724.1
"852","M41","0D","CTX","Scene5",2545,6701,5478.4,1848
"853","M41","0D","CTX","Scene5",1364,6701,5670,9560.3
"854","M41","0D","IB","Scene5",3219,6701,6209.5,4427.8
"855","M41","0D","fiber tracts","Scene3",1810,5586.2,5773.9,3361.5
"856","M41","0D","CNU","Scene2",1137,4619,5530.7,6368.8
"857","M41","0D","CTX","Scene5",2753,6701,4572.8,899.8
"858","M41","0D","CTX","Scene1",700,3870.4,1846.7,3621.9
"859","M41","0D","CNU","Scene2",1064,4619,5604.4,7269.4
"860","M41","0D","CTX","Scene2",436,4619,2351.1,3534.4
"861","M41","0D","MB","Scene6",1955,7975.8,3587.3,5613.3
"862","M41","0D","IB","Scene4",3139,6221,3502.7,7227.9
"863","M41","0D","MB","Scene6",1970,7975.8,3914.3,4601.4
"864","M41","0D","CTX","Scene6",513,7975.8,1964.9,3907.4
"865","M41","0D","CTX","Scene2",315,4619,1296.2,4983.2
"866","M41","0D","CTX","Scene3",1243,5586.2,1445.7,3212.9
"867","M41","0D","MB","Scene6",3619,7975.8,2552.5,6872.2
"868","M41","0D","CTX","Scene6",928,7975.8,6198.3,2105.3
"869","M41","0D","CTX","Scene5",793,6701,3227.9,10507.6
"870","M41","0D","CNU","Scene5",277,6701,5811.4,8337.2
"871","M41","0D","CNU","Scene4",168,6221,6239.5,3874.3
"872","M41","0D","CNU","Scene4",226,6221,6527.9,3796.2
"873","M41","0D","CTX","Scene4",1254,6221,696.4,3969.8
"874","M41","0D","CNU","Scene2",259,4619,6109,4541.9
"875","M41","0D","CTX","Scene2",421,4619,2193.2,2337.8
"876","M41","0D","CTX","Scene4",2363,6221,1661.7,7231.6
"877","M41","0D","CTX","Scene5",429,6701,1650.1,9579.6
"878","M41","0D","CTX","Scene4",2658,6221,6424.5,9597.8
"879","M41","0D","CTX","Scene6",378,7975.8,886.6,5279.3
"880","M41","0D","CTX","Scene1",708,3870.4,1984,3299.1
"881","M41","0D","CTX","Scene5",2891,6701,6697,3275.5
"882","M41","0D","CTX","Scene4",751,6221,4173.1,1346.4
"883","M41","0D","CTX","Scene3",1670,5586.2,2889.6,2713.4
"884","M41","0D","CTX","Scene5",1085,6701,6849.9,8637.4
"885","M41","0D","CTX","Scene4",2850,6221,806.9,5868
"886","M41","0D","IB","Scene5",3066,6701,3158,4185
"887","M41","0D","IB","Scene5",3193,6701,5935.1,4717.2
"888","M41","0D","CTX","Scene5",2782,6701,4658.6,966.6
"889","M41","0D","CTX","Scene2",712,4619,1595.4,2814.4
"890","M41","0D","CTX","Scene6",1168,7975.8,614.6,4252.3
"891","M41","0D","CTX","Scene6",1328,7975.8,1860.3,4061.5
"892","M41","0D","CTX","Scene5",1249,6701,1956.5,8669.2
"893","M41","0D","CTX","Scene5",2314,6701,2956.2,2167.3
"894","M41","0D","CTX","Scene6",550,7975.8,2224.2,4122.7
"895","M41","0D","CTX","Scene6",3259,7975.8,843.3,7085.8
"896","M41","0D","CTX","Scene2",746,4619,5017.2,1631.6
"897","M41","0D","CTX","Scene6",2034,7975.8,1286.4,8597.3
"898","M41","0D","CTX","Scene4",293,6221,960.8,3609.9
"899","M41","0D","CTX","Scene5",2341,6701,3145.1,2086.8
"900","M41","0D","CNU","Scene2",97,4619,3802.8,3047.9
"901","M41","0D","CTX","Scene4",2788,6221,3284.8,10385.2
"902","M41","0D","CTX","Scene2",1619,4619,1050.1,6788.6
"903","M41","0D","CNU","Scene3",792,5586.2,2990.6,3532.7
"904","M41","0D","CTX","Scene5",2601,6701,6058.2,1942.6
"905","M41","0D","CTX","Scene3",642,5586.2,1239.7,8036.8
"906","M41","0D","CTX","Scene5",2637,6701,6403.3,2887.3
"907","M41","0D","CTX","Scene4",2721,6221,2235.3,9954.5
"908","M41","0D","CNU","Scene5",1822,6701,5951.2,3034.2
"909","M41","0D","IB","Scene5",1474,6701,4063.6,6873
"910","M41","0D","CTX","Scene6",1336,7975.8,839,5560.4
"911","M41","0D","CTX","Scene3",216,5586.2,787.1,7204
"912","M41","0D","CTX","Scene4",2849,6221,1132.3,5869.3
"913","M41","0D","CTX","Scene5",1219,6701,4120.1,10644.1
"914","M41","0D","CTX","Scene6",2124,7975.8,2487,9075.3
"915","M41","0D","IB","Scene3",714,5586.2,6347.2,7065.5
"916","M41","0D","CNU","Scene3",834,5586.2,4169.6,2616.6
"917","M41","0D","CTX","Scene4",2785,6221,1099.9,6139.3
"918","M41","0D","CTX","Scene5",1103,6701,7042.7,8089.8
"919","M41","0D","CNU","Scene3",921,5586.2,5588.8,3439.5
"920","M41","0D","CTX","Scene6",3290,7975.8,2230.3,8429.3
"921","M41","0D","CTX","Scene5",2398,6701,3703.1,1307.3
"922","M41","0D","CTX","Scene6",3035,7975.8,1055.8,9256
"923","M41","0D","IB","Scene6",3452,7975.8,5733.8,5978.5
"924","M41","0D","CTX","Scene6",2839,7975.8,6912.1,9460
"925","M41","0D","CTX","Scene6",3238,7975.8,1347.4,9015.4
"926","M41","0D","CTX","Scene1",934,3870.4,4283.7,5512.8
"927","M41","0D","CTX","Scene3",1605,5586.2,2057.3,1897.7
"928","M41","0D","CTX","Scene6",2573,7975.8,2618.3,8217.2
"929","M41","0D","IB","Scene5",1718,6701,6454.5,6188.5
"930","M41","0D","CTX","Scene2",1516,4619,5885.9,9394.5
"931","M41","0D","CTX","Scene2",625,4619,5355.3,2054
"932","M41","0D","CTX","Scene5",2059,6701,1302.9,3179.4
"933","M41","0D","IB","Scene5",1539,6701,5809.6,6906.7
"934","M41","0D","CTX","Scene2",899,4619,4733.5,1573
"935","M41","0D","CTX","Scene4",1081,6221,1034.2,2828.5
"936","M41","0D","fiber tracts","Scene5",147,6701,1369.5,6590.1
"937","M41","0D","IB","Scene5",1672,6701,6451.3,6332.1
"938","M41","0D","CTX","Scene5",2136,6701,881.7,3053.7
"939","M41","0D","CTX","Scene6",764,7975.8,4063.9,1079.3
"940","M41","0D","CTX","Scene4",591,6221,2134.6,1656.3
"941","M41","0D","CTX","Scene4",2142,6221,1881.5,9309.2
"942","M41","0D","CTX","Scene6",1130,7975.8,4873.5,930.5
"943","M41","0D","CTX","Scene5",529,6701,569.4,7475.2
"944","M41","0D","CTX","Scene3",1448,5586.2,6440.8,2897.3
"945","M41","0D","CTX","Scene2",834,4619,1667,2737.4
"946","M41","0D","CTX","Scene4",2631,6221,6056.8,8932
"947","M41","0D","CTX","Scene6",1396,7975.8,3782.5,1403.6
"948","M41","0D","IB","Scene4",1713,6221,6326.4,4708.7
"949","M41","0D","CTX","Scene6",2125,7975.8,2465.7,8477.2
"950","M41","0D","CTX","Scene5",2453,6701,4285.2,1433.9
"951","M41","0D","CTX","Scene2",911,4619,3351.8,2272
"952","M41","0D","IB","Scene4",1675,6221,6510,5166.1
"953","M41","0D","CTX","Scene2",579,4619,4819.7,2163.6
"954","M41","0D","CNU","Scene2",265,4619,6991.6,4716.2
"955","M41","0D","CTX","Scene3",1329,5586.2,3007,1912.5
"956","M41","0D","IB","Scene5",1641,6701,7182.2,6571.5
"957","M41","0D","CTX","Scene4",1170,6221,1823.8,2058.6
"958","M41","0D","CTX","Scene5",1372,6701,6632.6,8756.9
"959","M41","0D","CTX","Scene6",1508,7975.8,6098.6,3698.7
"960","M41","0D","CTX","Scene6",2823,7975.8,6721.9,8688
"961","M41","0D","CTX","Scene2",699,4619,5482.6,1785.9
"962","M41","0D","CTX","Scene5",1301,6701,2145.7,9433.2
"963","M41","0D","CTX","Scene5",675,6701,1332.9,6180.2
"964","M41","0D","CTX","Scene4",1056,6221,1295.4,2985.1
"965","M41","0D","CNU","Scene4",1979,6221,5255.2,7902.3
"966","M41","0D","CTX","Scene6",456,7975.8,1437.4,5516.1
"967","M41","0D","CTX","Scene6",1102,7975.8,2810.7,945.1
"968","M41","0D","fiber tracts","Scene6",9,7975.8,1258.9,3882.6
"969","M41","0D","CTX","Scene2",431,4619,2297.9,2243.4
"970","M41","0D","CTX","Scene6",913,7975.8,6078.7,2588.8
"971","M41","0D","CTX","Scene4",2610,6221,5676.8,9785.6
"972","M41","0D","CTX","Scene4",2486,6221,3940.5,9984.7
"973","M41","0D","CNU","Scene5",1801,6701,5240.4,2807.9
"974","M41","0D","CTX","Scene5",2126,6701,2331.6,5076.4
"975","M41","0D","IB","Scene6",1676,7975.8,2919.9,3785.1
"976","M41","0D","CTX","Scene5",2087,6701,1590.5,3394.3
"977","M41","0D","CTX","Scene5",982,6701,5863.4,9170.1
"978","M41","0D","CTX","Scene2",1621,4619,1152.3,7474.5
"979","M41","0D","IB","Scene4",1601,6221,7007.3,5414.3
"980","M41","0D","CTX","Scene6",1052,7975.8,4900,913.3
"981","M41","0D","CTX","Scene6",2821,7975.8,6673.8,9740.9
"982","M41","0D","MB","Scene6",1730,7975.8,2712.7,4597.6
"983","M41","0D","CTX","Scene2",1497,4619,6135.4,9164.7
"984","M41","0D","CTX","Scene2",631,4619,5411.6,2617.9
"985","M41","0D","CTX","Scene2",1379,4619,1632.8,6699.2
"986","M41","0D","CNU","Scene2",1163,4619,5800.8,6237.7
"987","M41","0D","CTX","Scene2",757,4619,5798.8,2047.2
"988","M41","0D","CTX","Scene5",2228,6701,2018.7,2707.8
"989","M41","0D","CNU","Scene4",1974,6221,4783,9360.1
"990","M41","0D","CNU","Scene2",1131,4619,5333.6,5818.1
"991","M41","0D","CTX","Scene6",2572,7975.8,2590.8,7459.3
"992","M41","0D","CTX","Scene6",1591,7975.8,1754.8,3150.1
"993","M41","0D","fiber tracts","Scene6",135,7975.8,5551.5,3834.2
"994","M41","0D","CNU","Scene2",1033,4619,4674.4,6360.7
"995","M41","0D","CNU","Scene5",1750,6701,3603.4,2144.6
"996","M41","0D","CTX","Scene6",1394,7975.8,5945.8,1874.5
"997","M41","0D","CTX","Scene2",755,4619,1203.8,3819.3
"998","M41","0D","IB","Scene5",1603,6701,6606.5,6863.6
"999","M41","0D","CTX","Scene6",789,7975.8,4381.9,1168.8
"1000","M41","0D","CTX","Scene4",845,6221,5839.8,2637.9
"1001","M41","0D","CNU","Scene5",1758,6701,4054.1,2149.9
"1002","M41","0D","CNU","Scene1",541,3870.4,6535,4894.4
"1003","M41","0D","CTX","Scene5",808,6701,3395.2,10465.3
"1004","M41","0D","CTX","Scene2",1514,4619,6075.3,9218.1
"1005","M41","0D","CTX","Scene4",2662,6221,6481.2,9308
"1006","M41","0D","CTX","Scene3",650,5586.2,1978.6,6967.2
"1007","M41","0D","CTX","Scene4",2710,6221,6878.3,7801
"1008","M41","0D","CTX","Scene2",734,4619,2564.1,1765.5
"1009","M41","0D","CTX","Scene5",2574,6701,5759,1910.1
"1010","M41","0D","CTX","Scene4",3115,6221,3065.7,6222.1
"1011","M41","0D","IB","Scene5",3318,6701,6092.8,4404.6
"1012","M41","0D","IB","Scene4",1489,6221,5795.5,4241.9
"1013","M41","0D","CTX","Scene3",1201,5586.2,1870.8,5146.7
"1014","M41","0D","CTX","Scene6",1606,7975.8,762.7,4225.7
"1015","M41","0D","CTX","Scene4",2781,6221,3223.8,9858.5
"1016","M41","0D","CTX","Scene5",871,6701,4123,10409.6
"1017","M41","0D","CTX","Scene4",3112,6221,1151.5,6045.8
"1018","M41","0D","CTX","Scene2",312,4619,1273.6,4795.2
"1019","M41","0D","CTX","Scene4",2999,6221,1738.9,9161.9
"1020","M41","0D","CTX","Scene5",1221,6701,2918.3,10431.1
"1021","M41","0D","CNU","Scene4",15,6221,3315.1,2462.5
"1022","M41","0D","IB","Scene4",1499,6221,5871.6,5040.6
"1023","M41","0D","CTX","Scene3",1365,5586.2,3495.8,1577.7
"1024","M41","0D","CTX","Scene2",1587,4619,2627.4,9460.6
"1025","M41","0D","CTX","Scene1",394,3870.4,4088,5868.4
"1026","M41","0D","CTX","Scene3",513,5586.2,7220.3,8070.9
"1027","M41","0D","CTX","Scene2",1391,4619,1987.3,6384.8
"1028","M41","0D","CTX","Scene5",2632,6701,6346,2555.2
"1029","M41","0D","CNU","Scene5",1793,6701,4835.8,2418.1
"1030","M41","0D","CTX","Scene2",574,4619,4780.1,2351.2
"1031","M41","0D","CNU","Scene2",1027,4619,4227.2,6819.6
"1032","M41","0D","CTX","Scene2",1370,4619,1427.2,6799.9
"1033","M41","0D","CTX","Scene3",1294,5586.2,2024.7,2965.8
"1034","M41","0D","CTX","Scene4",853,6221,5868.6,1755.3
"1035","M41","0D","CNU","Scene5",290,6701,6147.2,8355.6
"1036","M41","0D","CTX","Scene6",1403,7975.8,1532.5,3869.5
"1037","M41","0D","IB","Scene5",1579,6701,6241.5,5909.7
"1038","M41","0D","CNU","Scene5",346,6701,2975,8429.5
"1039","M41","0D","CTX","Scene4",1250,6221,6239.6,2227.2
"1040","M41","0D","CTX","Scene4",976,6221,7118.8,2866.4
"1041","M41","0D","CNU","Scene1",63,3870.4,5623.5,5951
"1042","M41","0D","CTX","Scene4",1094,6221,1239.6,2381.3
"1043","M41","0D","fiber tracts","Scene3",1870,5586.2,5964.3,8197.7
"1044","M41","0D","CTX","Scene4",381,6221,1294.4,5371
"1045","M41","0D","MB","Scene6",3614,7975.8,2830.9,6449.8
"1046","M41","0D","CTX","Scene4",2342,6221,1478.7,6882.5
"1047","M41","0D","CTX","Scene5",1264,6701,6378.4,9353.6
"1048","M41","0D","fiber tracts","Scene4",1930,6221,3164.3,9100.4
"1049","M41","0D","IB","Scene6",1667,7975.8,6107.5,4682.9
"1050","M41","0D","CTX","Scene6",3373,7975.8,5353.5,9812.6
"1051","M41","0D","CTX","Scene5",969,6701,5601.3,9418.3
"1052","M41","0D","IB","Scene6",1664,7975.8,6079.7,4634.3
"1053","M41","0D","CTX","Scene4",870,6221,6045.4,2555.7
"1054","M41","0D","CTX","Scene6",680,7975.8,2793.4,1006.3
"1055","M41","0D","IB","Scene4",3318,6221,3397.3,5981.9
"1056","M41","0D","CTX","Scene6",2446,7975.8,3466.1,10286.7
"1057","M41","0D","IB","Scene4",3360,6221,5911.4,5957.4
"1058","M41","0D","fiber tracts","Scene2",25,4619,3027.2,4766.2
"1059","M41","0D","fiber tracts","Scene6",185,7975.8,3056.8,8117
"1060","M41","0D","CNU","Scene5",296,6701,6239,7801.2
"1061","M41","0D","CTX","Scene6",2895,7975.8,6330.5,8226.8
"1062","M41","0D","CTX","Scene5",1132,6701,7039.7,9561.5
"1063","M41","0D","IB","Scene5",1676,6701,5792,5938.2
"1064","M41","0D","CTX","Scene3",1282,5586.2,1880.4,2422.5
"1065","M41","0D","CTX","Scene5",2617,6701,6253.6,2810.8
"1066","M41","0D","CNU","Scene5",1807,6701,5655.6,3004.6
"1067","M41","0D","CTX","Scene4",3083,6221,2677.1,9391.6
"1068","M41","0D","CTX","Scene1",792,3870.4,3862.9,2717.7
"1069","M41","0D","CTX","Scene4",2126,6221,1664,8533.3
"1070","M41","0D","CTX","Scene5",2279,6701,2695.2,5500.5
"1071","M41","0D","CTX","Scene4",457,6221,1774.5,3458.4
"1072","M41","0D","CTX","Scene4",939,6221,6737.7,2540.1
"1073","M41","0D","CTX","Scene6",2321,7975.8,1826.7,6179.6
"1074","M41","0D","CTX","Scene6",1345,7975.8,2757.5,994.6
"1075","M41","0D","CNU","Scene4",194,6221,5554.6,2494.6
"1076","M41","0D","CTX","Scene6",1608,7975.8,980.9,3079.9
"1077","M41","0D","CTX","Scene5",1151,6701,5909,10077.4
"1078","M41","0D","CTX","Scene6",1523,7975.8,1937.4,3148.5
"1079","M41","0D","CTX","Scene4",2593,6221,5371.8,10007.6
"1080","M41","0D","CNU","Scene2",68,4619,4209.2,4851.4
"1081","M41","0D","fiber tracts","Scene6",150,7975.8,2735.2,4076.4
"1082","M41","0D","CNU","Scene3",924,5586.2,5655,3220.4
"1083","M41","0D","CTX","Scene4",1203,6221,1882.3,1911.7
"1084","M41","0D","CTX","Scene3",658,5586.2,4561.1,10212.8
"1085","M41","0D","CTX","Scene1",669,3870.4,2861.3,4129.1
"1086","M41","0D","CTX","Scene5",2068,6701,1371,3835
"1087","M41","0D","CTX","Scene4",1331,6221,1467.3,2195.3
"1088","M41","0D","CTX","Scene5",2270,6701,2467.7,1712.4
"1089","M41","0D","IB","Scene5",1636,6701,7135.1,6390.4
"1090","M41","0D","fiber tracts","Scene5",87,6701,3460.9,3139.1
"1091","M41","0D","IB","Scene5",3300,6701,2938,4349.2
"1092","M41","0D","CTX","Scene5",2859,6701,1803.4,1596.9
"1093","M41","0D","IB","Scene3",1775,5586.2,6023.7,5017.4
"1094","M41","0D","CTX","Scene5",1091,6701,6896.4,9650.2
"1095","M41","0D","CTX","Scene3",309,5586.2,1319.8,7982
"1096","M41","0D","CNU","Scene1",442,3870.4,4856.6,5295.5
"1097","M41","0D","CTX","Scene6",932,7975.8,6220,1851.7
"1098","M41","0D","CTX","Scene4",2280,6221,1125.2,7394
"1099","M41","0D","CNU","Scene5",1789,6701,4779.2,2304.2
"1100","M41","0D","CTX","Scene5",2716,6701,3916.5,782.8
"1101","M41","0D","CNU","Scene5",334,6701,3546,9223.7
"1102","M41","0D","CNU","Scene3",832,5586.2,4145.5,3159.1
"1103","M41","0D","CTX","Scene4",2993,6221,1043.1,6970.9
"1104","M41","0D","CNU","Scene3",794,5586.2,3196,3881.6
"1105","M41","0D","CTX","Scene6",2923,7975.8,5716.1,9000.6
"1106","M41","0D","CTX","Scene6",1392,7975.8,6226.5,3273.9
"1107","M41","0D","CTX","Scene6",2884,7975.8,6120.4,7245.9
"1108","M41","0D","CTX","Scene3",1223,5586.2,2307.8,5466.7
"1109","M41","0D","CNU","Scene3",803,5586.2,3562.6,2447.4
"1110","M41","0D","CTX","Scene4",933,6221,6703.3,2263
"1111","M41","0D","CTX","Scene2",909,4619,6223.3,3031.7
"1112","M41","0D","IB","Scene4",1575,6221,6697.5,4796.4
"1113","M41","0D","MB","Scene6",3504,7975.8,4559.5,8185.8
"1114","M41","0D","CTX","Scene6",729,7975.8,3566.1,2571.6
"1115","M41","0D","fiber tracts","Scene4",1860,6221,2069.2,7601.2
"1116","M41","0D","CTX","Scene4",2769,6221,1697.2,9569.9
"1117","M41","0D","CTX","Scene6",2536,7975.8,4358.7,8906.5
"1118","M41","0D","CTX","Scene4",1281,6221,6938,2375.6
"1119","M41","0D","CNU","Scene4",4,6221,3019.9,3083.1
"1120","M41","0D","CTX","Scene4",2846,6221,593,7418.3
"1121","M41","0D","CTX","Scene5",1964,6701,696.3,5622.1
"1122","M41","0D","CTX","Scene5",1298,6701,1153.9,7050.6
"1123","M41","0D","fiber tracts","Scene4",1729,6221,2082.8,3789.3
"1124","M41","0D","CTX","Scene3",559,5586.2,4098.3,10456.3
"1125","M41","0D","CTX","Scene1",656,3870.4,2735.4,5654.2
"1126","M41","0D","IB","Scene6",1628,7975.8,3661.2,3758.4
"1127","M41","0D","CTX","Scene6",2134,7975.8,306.2,6403.9
"1128","M41","0D","IB","Scene6",1638,7975.8,4210.3,3815.2
"1129","M41","0D","CTX","Scene6",402,7975.8,1037.8,4181.6
"1130","M41","0D","CTX","Scene5",2482,6701,4646.5,1372.7
"1131","M41","0D","CTX","Scene6",2238,7975.8,984.9,7921.9
"1132","M41","0D","CNU","Scene5",1763,6701,4221.1,2091.1
"1133","M41","0D","CTX","Scene6",568,7975.8,1219.9,2680.8
"1134","M41","0D","CTX","Scene2",532,4619,4155,2590.1
"1135","M41","0D","CTX","Scene6",1468,7975.8,6434,2886.2
"1136","M41","0D","CNU","Scene2",1042,4619,5164.3,6582.5
"1137","M41","0D","CNU","Scene3",841,5586.2,4361.4,2964.3
"1138","M41","0D","CTX","Scene6",930,7975.8,6200.2,1934.3
"1139","M41","0D","CTX","Scene6",3186,7975.8,5476.9,9691
"1140","M41","0D","CNU","Scene1",529,3870.4,5195.6,5456.3
"1141","M41","0D","CTX","Scene2",1535,4619,1161.2,7444.7
"1142","M41","0D","CNU","Scene5",1850,6701,6544.8,3328.3
"1143","M41","0D","CTX","Scene4",2717,6221,4126.7,10602.3
"1144","M41","0D","CTX","Scene2",749,4619,1607.1,2869.2
"1145","M41","0D","CTX","Scene1",155,3870.4,3041.9,9405.1
"1146","M41","0D","CNU","Scene2",1186,4619,6112,7005.4
"1147","M41","0D","CTX","Scene4",2933,6221,6433.9,8130.4
"1148","M41","0D","CTX","Scene4",1284,6221,2814.9,1121.8
"1149","M41","0D","CTX","Scene2",765,4619,962.4,4936.6
"1150","M41","0D","fiber tracts","Scene6",116,7975.8,3128.1,5616.5
"1151","M41","0D","CTX","Scene5",2558,6701,5577.6,1390
"1152","M41","0D","CNU","Scene1",11,3870.4,4520.3,7474
"1153","M41","0D","CTX","Scene5",3000,6701,3625.6,1798.3
"1154","M41","0D","CTX","Scene2",1560,4619,2389.8,9276.6
"1155","M41","0D","CTX","Scene6",1344,7975.8,3186.9,3115.2
"1156","M41","0D","CTX","Scene6",2490,7975.8,3844.5,8814.9
"1157","M41","0D","CTX","Scene6",332,7975.8,606.2,5385.5
"1158","M41","0D","CTX","Scene1",311,3870.4,4611.9,6282.1
"1159","M41","0D","CNU","Scene4",58,6221,4359.2,2180.9
"1160","M41","0D","CNU","Scene3",105,5586.2,4115.7,7728.2
"1161","M41","0D","CTX","Scene2",968,4619,3656.2,1919.9
"1162","M41","0D","IB","Scene6",1671,7975.8,6367.8,4972.6
"1163","M41","0D","CTX","Scene2",455,4619,2709.2,2809.4
"1164","M41","0D","fiber tracts","Scene6",108,7975.8,5580.1,3831.3
"1165","M41","0D","CTX","Scene4",2360,6221,1673.5,7847.1
"1166","M41","0D","CNU","Scene4",133,6221,5741.3,3011.2
"1167","M41","0D","CTX","Scene4",2863,6221,728.3,7768.1
"1168","M41","0D","CTX","Scene5",1109,6701,7248.4,8950.9
"1169","M41","0D","CTX","Scene6",2640,7975.8,5180.3,10449.2
"1170","M41","0D","CNU","Scene2",1155,4619,5735.6,7024.1
"1171","M41","0D","CTX","Scene3",503,5586.2,6127.7,8913.9
"1172","M41","0D","IB","Scene5",3086,6701,3345.1,4106.2
"1173","M41","0D","CNU","Scene5",1909,6701,3880.4,2153
"1174","M41","0D","CTX","Scene5",799,6701,3297.3,10529.2
"1175","M41","0D","fiber tracts","Scene6",271,7975.8,2642.5,7166.6
"1176","M41","0D","CTX","Scene3",1353,5586.2,3364.4,1898.6
"1177","M41","0D","CNU","Scene3",919,5586.2,5547.7,2816.9
"1178","M41","0D","CTX","Scene6",2127,7975.8,2519.9,10267.2
"1179","M41","0D","CTX","Scene5",2097,6701,1721.4,3252.3
"1180","M41","0D","CTX","Scene3",441,5586.2,4207.4,10422.5
"1181","M41","0D","CTX","Scene5",2386,6701,3591.5,1171.5
"1182","M41","0D","MB","Scene6",1737,7975.8,2901.5,5479.4
"1183","M41","0D","CTX","Scene6",1171,7975.8,6618.1,1711.6
"1184","M41","0D","CTX","Scene4",1086,6221,1718.3,1748.2
"1185","M41","0D","CTX","Scene3",1084,5586.2,1106.4,3884.2
"1186","M41","0D","fiber tracts","Scene6",165,7975.8,1654.5,2836.1
"1187","M41","0D","fiber tracts","Scene3",1820,5586.2,7139.2,5629.5
"1188","M41","0D","CNU","Scene5",1886,6701,3285.5,2358.6
"1189","M41","0D","IB","Scene5",1530,6701,5726.6,6854.1
"1190","M41","0D","CTX","Scene1",768,3870.4,3541.5,2084.1
"1191","M41","0D","CNU","Scene5",322,6701,6749.5,7471.3
"1192","M41","0D","CTX","Scene4",284,6221,846.3,4988.6
"1193","M41","0D","CTX","Scene6",324,7975.8,523.9,5551.8
"1194","M41","0D","MB","Scene6",1765,7975.8,5286,3733.5
"1195","M41","0D","CTX","Scene6",2799,7975.8,6537.6,8278.1
"1196","M41","0D","CTX","Scene4",778,6221,4558.8,1150.9
"1197","M41","0D","CTX","Scene6",1032,7975.8,1681.3,4193.7
"1198","M41","0D","MB","Scene6",3622,7975.8,3943.2,6967.9
"1199","M41","0D","CTX","Scene6",2448,7975.8,3462.1,10596.7
"1200","M41","0D","IB","Scene5",3160,6701,4846.4,3715.2
"1201","M41","0D","CTX","Scene3",1632,5586.2,1764.1,1965.2
"1202","M41","0D","CTX","Scene1",195,3870.4,1670.3,7489.8
"1203","M41","0D","fiber tracts","Scene6",59,7975.8,5713.5,3926.7
"1204","M41","0D","CTX","Scene2",770,4619,1571.9,2895.8
"1205","M41","0D","CNU","Scene3",61,5586.2,5975.3,7540.4
"1206","M41","0D","CTX","Scene5",2378,6701,3507.2,1113.3
"1207","M41","0D","CTX","Scene1",275,3870.4,4029.8,8225.4
"1208","M41","0D","CTX","Scene5",2559,6701,5627,1676.5
"1209","M41","0D","CNU","Scene1",522,3870.4,7037.1,3991.1
"1210","M41","0D","fiber tracts","Scene4",1741,6221,3059.3,2417.9
"1211","M41","0D","fiber tracts","Scene3",1884,5586.2,2462,5743.7
"1212","M41","0D","IB","Scene4",1682,6221,3720.8,4496
"1213","M41","0D","IB","Scene5",3223,6701,6210.6,5242.5
"1214","M41","0D","CTX","Scene2",1623,4619,1383.6,7607.6
"1215","M41","0D","CTX","Scene2",1500,4619,6391.9,8136.7
"1216","M41","0D","CNU","Scene5",292,6701,6169.5,8077.5
"1217","M41","0D","CTX","Scene3",1683,5586.2,7182,2831.2
"1218","M41","0D","CTX","Scene1",373,3870.4,2878.8,9360.6
"1219","M41","0D","IB","Scene4",1552,6221,6357.8,5184.5
"1220","M41","0D","CTX","Scene4",2213,6221,726.8,7450.3
"1221","M41","0D","CNU","Scene3",805,5586.2,3604.8,2667.2
"1222","M41","0D","CNU","Scene4",73,6221,4678,1981.1
"1223","M41","0D","CTX","Scene5",1945,6701,550.3,4184.1
"1224","M41","0D","fiber tracts","Scene5",133,6701,3336.5,8240.7
"1225","M41","0D","CTX","Scene6",658,7975.8,2468.6,2486.6
"1226","M41","0D","CNU","Scene2",1059,4619,5577.6,7163.5
"1227","M41","0D","CTX","Scene4",589,6221,2123.8,3192.2
"1228","M41","0D","CTX","Scene4",1134,6221,816.5,4026
"1229","M41","0D","CTX","Scene5",2557,6701,5573.3,1592.2
"1230","M41","0D","CTX","Scene1",733,3870.4,2379.2,2411.2
"1231","M41","0D","fiber tracts","Scene4",1853,6221,1691.1,6538.2
"1232","M41","0D","CTX","Scene6",3098,7975.8,648.4,8526.3
"1233","M41","0D","CNU","Scene4",153,6221,5998.3,3117.9
"1234","M41","0D","CTX","Scene1",296,3870.4,5572.4,7422.4
"1235","M41","0D","CTX","Scene4",1007,6221,2291.8,1338
"1236","M41","0D","CTX","Scene4",1027,6221,5146.6,1195.5
"1237","M41","0D","CNU","Scene5",1899,6701,5824.7,3357
"1238","M41","0D","IB","Scene5",1435,6701,4022,8313.6
"1239","M41","0D","CTX","Scene2",448,4619,2550.7,3525.8
"1240","M41","0D","IB","Scene4",3340,6221,3421.8,7341
"1241","M41","0D","CTX","Scene4",1360,6221,3110,1908.3
"1242","M41","0D","CTX","Scene3",261,5586.2,1057.2,7440.6
"1243","M41","0D","CTX","Scene4",915,6221,6529.7,2101.3
"1244","M41","0D","CTX","Scene4",610,6221,2482.1,1884
"1245","M41","0D","IB","Scene4",3316,6221,6015.6,7226.2
"1246","M41","0D","IB","Scene5",3099,6701,3483.2,5687.2
"1247","M41","0D","CNU","Scene2",184,4619,6581.9,4328.3
"1248","M41","0D","CTX","Scene4",2573,6221,5058.1,9578.6
"1249","M41","0D","CTX","Scene4",1292,6221,1232.9,2409.2
"1250","M41","0D","CTX","Scene5",484,6701,2166,8763.3
"1251","M41","0D","CTX","Scene1",113,3870.4,1666.9,7645.7
"1252","M41","0D","CTX","Scene2",330,4619,1509.9,4664.1
"1253","M41","0D","CTX","Scene2",458,4619,2696.5,2037.6
"1254","M41","0D","CTX","Scene6",2136,7975.8,334,6528.6
"1255","M41","0D","IB","Scene5",1462,6701,3409.8,6920.1
"1256","M41","0D","CTX","Scene6",3203,7975.8,4992.7,9876.1
"1257","M41","0D","CNU","Scene1",88,3870.4,6884.4,7193.5
"1258","M41","0D","fiber tracts","Scene6",99,7975.8,3145.5,5659.8
"1259","M41","0D","CTX","Scene3",230,5586.2,823.4,6215
"1260","M41","0D","CTX","Scene4",334,6221,1085.2,5358.1
"1261","M41","0D","MB","Scene6",1978,7975.8,5622,4294.8
"1262","M41","0D","CTX","Scene6",1199,7975.8,1832.9,3909.7
"1263","M41","0D","IB","Scene4",1450,6221,3943.8,4676.6
"1264","M41","0D","CTX","Scene4",752,6221,4170.4,1193.2
"1265","M41","0D","CTX","Scene1",778,3870.4,4244.8,5472.5
"1266","M41","0D","CTX","Scene6",2942,7975.8,1792.4,9031.8
"1267","M41","0D","CNU","Scene4",2007,6221,6051.2,7861.9
"1268","M41","0D","CNU","Scene2",298,4619,5240.6,3412.1
"1269","M41","0D","MB","Scene6",1938,7975.8,5757.7,4507.4
"1270","M41","0D","CNU","Scene5",308,6701,6511.4,8089.9
"1271","M41","0D","CTX","Scene6",3293,7975.8,4050.9,10023.8
"1272","M41","0D","CTX","Scene4",1392,6221,1785.2,2756.9
"1273","M41","0D","IB","Scene3",1703,5586.2,5677.6,4494.1
"1274","M41","0D","CTX","Scene3",1398,5586.2,4348.8,1056.3
"1275","M41","0D","CTX","Scene5",1363,6701,968,5823.1
"1276","M41","0D","CNU","Scene4",35,6221,3830.9,2387.9
"1277","M41","0D","CTX","Scene4",485,6221,2000.7,3408.8
"1278","M41","0D","CTX","Scene3",188,5586.2,1964.1,9486.1
"1279","M41","0D","CTX","Scene3",1517,5586.2,1741.9,3707.4
"1280","M41","0D","CTX","Scene5",1202,6701,4058.7,9887.4
"1281","M41","0D","CTX","Scene6",3160,7975.8,5595.4,9077.7
"1282","M41","0D","CTX","Scene6",2220,7975.8,874.1,6870.5
"1283","M41","0D","CTX","Scene4",2263,6221,953.6,5887.6
"1284","M41","0D","CTX","Scene5",2644,6701,6460.6,3020.8
"1285","M41","0D","CNU","Scene1",87,3870.4,4953.8,6573.9
"1286","M41","0D","CTX","Scene3",1066,5586.2,1045.1,3655
"1287","M41","0D","CTX","Scene4",913,6221,6578.9,3271.5
"1288","M41","0D","CTX","Scene4",2312,6221,1225.2,5963.9
"1289","M41","0D","CNU","Scene2",140,4619,5741.9,5487.2
"1290","M41","0D","CTX","Scene5",559,6701,739.9,6411.2
"1291","M41","0D","CNU","Scene4",92,6221,5181.1,3050.7
"1292","M41","0D","CTX","Scene5",1017,6701,6207.8,8978.1
"1293","M41","0D","CTX","Scene3",655,5586.2,1332.3,6000.7
"1294","M41","0D","CNU","Scene5",225,6701,3047.1,8431.1
"1295","M41","0D","CTX","Scene4",710,6221,3602.3,1814.9
"1296","M41","0D","CTX","Scene6",2057,7975.8,1584.4,9394.1
"1297","M41","0D","CTX","Scene4",893,6221,6361,3121.1
"1298","M41","0D","CNU","Scene4",76,6221,4702.3,2437.2
"1299","M41","0D","CNU","Scene2",1298,4619,5702.8,7122.3
"1300","M41","0D","MB","Scene6",3588,7975.8,2692.2,6899.6
"1301","M41","0D","fiber tracts","Scene4",1866,6221,3095.9,7478.9
"1302","M41","0D","IB","Scene4",3287,6221,3530.2,5980.6
"1303","M41","0D","CTX","Scene3",211,5586.2,641.6,6308
"1304","M41","0D","CTX","Scene2",598,4619,5132.8,2392.1
"1305","M41","0D","CTX","Scene2",1496,4619,6158.6,8042.2
"1306","M41","0D","CTX","Scene2",826,4619,4467.9,1705.6
"1307","M41","0D","MB","Scene6",1825,7975.8,5616.9,4066.7
"1308","M41","0D","CTX","Scene4",1400,6221,5337.2,1830.8
"1309","M41","0D","fiber tracts","Scene6",91,7975.8,4477.7,1568.5
"1310","M41","0D","CTX","Scene5",2181,6701,1533.7,2007.7
"1311","M41","0D","CTX","Scene4",905,6221,6478.1,2449.2
"1312","M41","0D","CNU","Scene5",1818,6701,5899.4,2836.2
"1313","M41","0D","CTX","Scene6",2069,7975.8,1659.9,9122.8
"1314","M41","0D","CTX","Scene6",328,7975.8,613.2,4864
"1315","M41","0D","CTX","Scene5",2701,6701,7184.4,2640.2
"1316","M41","0D","CTX","Scene6",2398,7975.8,2987.3,10584.4
"1317","M41","0D","CTX","Scene5",689,6701,1468,7840.1
"1318","M41","0D","CTX","Scene6",1539,7975.8,2506.9,3779.6
"1319","M41","0D","CTX","Scene5",2026,6701,1144.1,3457.1
"1320","M41","0D","CNU","Scene3",776,5586.2,3569.1,5568.4
"1321","M41","0D","CTX","Scene3",1143,5586.2,1523.3,3937.6
"1322","M41","0D","IB","Scene4",3199,6221,5900.1,6309.1
"1323","M41","0D","CTX","Scene2",313,4619,1296.4,4417.3
"1324","M41","0D","CTX","Scene4",2697,6221,6554.7,7852
"1325","M41","0D","CTX","Scene4",268,6221,766.4,4757.7
"1326","M41","0D","CTX","Scene5",2567,6701,5666.8,1271.3
"1327","M41","0D","CTX","Scene5",2765,6701,1019.4,3272.6
"1328","M41","0D","CNU","Scene2",1281,4619,6406.2,7299.6
"1329","M41","0D","fiber tracts","Scene6",35,7975.8,2772.4,4007.1
"1330","M41","0D","CNU","Scene4",81,6221,4852.1,2420.2
"1331","M41","0D","CNU","Scene3",40,5586.2,3871.8,7250.6
"1332","M41","0D","IB","Scene5",1488,6701,4531.5,6719.7
"1333","M41","0D","CTX","Scene5",556,6701,727.4,6213.8
"1334","M41","0D","CTX","Scene6",2940,7975.8,1449.4,5766.2
"1335","M41","0D","CTX","Scene5",2261,6701,2251.3,1554.3
"1336","M41","0D","CTX","Scene6",3071,7975.8,1852.2,7331.4
"1337","M41","0D","IB","Scene5",3189,6701,5892.3,5197.1
"1338","M41","0D","CNU","Scene2",1026,4619,3922.6,6666.4
"1339","M41","0D","CTX","Scene6",1364,7975.8,1679.9,3856.5
"1340","M41","0D","CTX","Scene6",514,7975.8,1960.5,3435.5
"1341","M41","0D","CTX","Scene5",2973,6701,695.8,4105
"1342","M41","0D","fiber tracts","Scene2",14,4619,2923.8,4583.8
"1343","M41","0D","CTX","Scene2",1468,4619,5137.6,9771.5
"1344","M41","0D","CNU","Scene2",1248,4619,6119,7091.9
"1345","M41","0D","CTX","Scene3",580,5586.2,3739.3,10251.3
"1346","M41","0D","CTX","Scene5",2519,6701,7007.7,3337.9
"1347","M41","0D","IB","Scene3",1744,5586.2,6510.2,5243.3
"1348","M41","0D","CTX","Scene5",2743,6701,2280,1544.7
"1349","M41","0D","CTX","Scene6",3286,7975.8,1589.6,9857.3
"1350","M41","0D","CTX","Scene6",2408,7975.8,3120.1,9835.2
"1351","M41","0D","CTX","Scene5",2072,6701,1397.7,4503
"1352","M41","0D","CTX","Scene2",960,4619,1623.7,5047.6
"1353","M41","0D","CNU","Scene5",240,6701,3841.8,9009.6
"1354","M41","0D","CTX","Scene6",626,7975.8,2276.3,1222.2
"1355","M41","0D","IB","Scene5",3353,6701,6493.4,4619.4
"1356","M41","0D","IB","Scene5",3191,6701,5930.7,4631.7
"1357","M41","0D","fiber tracts","Scene3",1824,5586.2,6944.5,5581.5
"1358","M41","0D","CTX","Scene3",311,5586.2,1262.5,6882.9
"1359","M41","0D","CTX","Scene3",1661,5586.2,6954.4,2451.9
"1360","M41","0D","CTX","Scene1",238,3870.4,2501.2,6153
"1361","M41","0D","CTX","Scene6",1412,7975.8,6528.7,2670.7
"1362","M41","0D","CTX","Scene4",729,6221,3818.6,1909.1
"1363","M41","0D","CTX","Scene5",3003,6701,3641.5,936.9
"1364","M41","0D","CTX","Scene2",329,4619,1488.5,5418.3
"1365","M41","0D","CTX","Scene2",764,4619,1986.6,2512.7
"1366","M41","0D","CTX","Scene6",722,7975.8,3450,1032.6
"1367","M41","0D","CTX","Scene3",286,5586.2,1174.4,7088.5
"1368","M41","0D","MB","Scene6",3498,7975.8,3951,5876.2
"1369","M41","0D","CTX","Scene4",721,6221,3722.7,1938.5
"1370","M41","0D","CNU","Scene2",1257,4619,6197.2,7030.8
"1371","M41","0D","CTX","Scene5",440,6701,1715.5,9811.9
"1372","M41","0D","CTX","Scene3",1157,5586.2,1594.7,4434.5
"1373","M41","0D","CTX","Scene5",590,6701,903.1,6486.6
"1374","M41","0D","IB","Scene5",1610,6701,6648.2,6333.6
"1375","M41","0D","CNU","Scene4",212,6221,5190,2812.5
"1376","M41","0D","CTX","Scene2",1641,4619,1189.2,6423
"1377","M41","0D","IB","Scene4",1427,6221,3567.8,4533.2
"1378","M41","0D","CTX","Scene5",424,6701,1599.8,8874.4
"1379","M41","0D","CTX","Scene1",327,3870.4,1207.6,6203
"1380","M41","0D","CTX","Scene2",698,4619,5423.2,1749.8
"1381","M41","0D","CNU","Scene3",866,5586.2,5399.6,5062.1
"1382","M41","0D","CTX","Scene4",2365,6221,1654.3,6751.9
"1383","M41","0D","CTX","Scene3",449,5586.2,4279.3,10343.1
"1384","M41","0D","CTX","Scene4",2597,6221,5501.2,9973.8
"1385","M41","0D","CNU","Scene2",244,4619,6406,4209.8
"1386","M41","0D","CNU","Scene1",52,3870.4,5251.7,6505.8
"1387","M41","0D","CTX","Scene4",1305,6221,6726.4,2588.7
"1388","M41","0D","CTX","Scene5",455,6701,1865.5,9029.4
"1389","M41","0D","CNU","Scene2",187,4619,6999,4859.1
"1390","M41","0D","fiber tracts","Scene6",70,7975.8,5865.6,4349.2
"1391","M41","0D","CTX","Scene3",1314,5586.2,2683.9,2162.4
"1392","M41","0D","IB","Scene4",3138,6221,3480.6,7461.3
"1393","M41","0D","IB","Scene4",3259,6221,6643.8,6466.2
"1394","M41","0D","CTX","Scene2",521,4619,3731.5,2035.3
"1395","M41","0D","IB","Scene5",1632,6701,7041.6,6060.1
"1396","M41","0D","CNU","Scene2",84,4619,5133,4991.2
"1397","M41","0D","CTX","Scene4",1103,6221,7140.1,2476.4
"1398","M41","0D","CTX","Scene4",392,6221,1348,5184.8
"1399","M41","0D","CTX","Scene6",1383,7975.8,6099.6,1712.1
"1400","M41","0D","CTX","Scene6",2066,7975.8,1669.7,9833.3
"1401","M41","0D","CTX","Scene4",762,6221,4316.7,1316.9
"1402","M41","0D","IB","Scene4",1463,6221,4741.4,4388.3
"1403","M41","0D","CTX","Scene2",717,4619,2238.5,2152.1
"1404","M41","0D","CTX","Scene5",2850,6701,6166.1,2314.8
"1405","M41","0D","CTX","Scene2",1494,4619,6050.4,9029
"1406","M41","0D","CTX","Scene5",2402,6701,3752.4,1469
"1407","M41","0D","CTX","Scene3",158,5586.2,1274.4,8411
"1408","M41","0D","fiber tracts","Scene6",132,7975.8,5739.8,3961.8
"1409","M41","0D","CTX","Scene4",977,6221,7095.9,2402.5
"1410","M41","0D","CNU","Scene5",1834,6701,6159.7,3293.9
"1411","M41","0D","CTX","Scene1",887,3870.4,4709.3,2443.2
"1412","M41","0D","CTX","Scene2",503,4619,3314.7,1801.5
"1413","M41","0D","CTX","Scene6",418,7975.8,1124.6,3813.6
"1414","M41","0D","CTX","Scene5",1124,6701,3624.8,10610.2
"1415","M41","0D","CNU","Scene5",269,6701,5397.1,8871.5
"1416","M41","0D","CNU","Scene4",125,6221,5618.9,2799.8
"1417","M41","0D","CNU","Scene1",43,3870.4,5166.8,6263
"1418","M41","0D","IB","Scene3",1787,5586.2,6130.5,5663.3
"1419","M41","0D","CTX","Scene2",391,4619,2471.6,3770.3
"1420","M41","0D","CTX","Scene4",2210,6221,622.2,6411.6
"1421","M41","0D","IB","Scene3",721,5586.2,6681.4,5848.6
"1422","M41","0D","CTX","Scene6",2719,7975.8,5944.4,9601.7
"1423","M41","0D","CNU","Scene2",175,4619,6292.2,4363.5
"1424","M41","0D","CTX","Scene3",1350,5586.2,3328.5,2402.6
"1425","M41","0D","fiber tracts","Scene5",105,6701,2270.4,3044
"1426","M41","0D","IB","Scene6",1629,7975.8,3740.1,3990
"1427","M41","0D","CTX","Scene5",3042,6701,1478.9,3551.7
"1428","M41","0D","CNU","Scene4",68,6221,4559.9,1952.8
"1429","M41","0D","CTX","Scene2",1484,4619,5763.8,8568.6
"1430","M41","0D","CTX","Scene6",938,7975.8,6346.9,2133.7
"1431","M41","0D","fiber tracts","Scene6",40,7975.8,1825,2650.4
"1432","M41","0D","CTX","Scene6",2689,7975.8,5685.5,10074.1
"1433","M41","0D","CTX","Scene5",2527,6701,5171.1,1629.2
"1434","M41","0D","CTX","Scene5",996,6701,5983.6,9869.3
"1435","M41","0D","CTX","Scene5",2744,6701,4338,960.8
"1436","M41","0D","IB","Scene4",3164,6221,5479.1,5767.3
"1437","M41","0D","CTX","Scene6",3153,7975.8,997.1,9162.4
"1438","M41","0D","CTX","Scene6",2616,7975.8,5059.3,10360.1
"1439","M41","0D","CTX","Scene2",1407,4619,2348.8,7248.8
"1440","M41","0D","IB","Scene5",3108,6701,3616.3,5456.9
"1441","M41","0D","CTX","Scene5",1210,6701,5106.2,10459.8
"1442","M41","0D","CTX","Scene3",1493,5586.2,2673.5,1310.9
"1443","M41","0D","IB","Scene5",1583,6701,6338.6,6171.8
"1444","M41","0D","CNU","Scene3",978,5586.2,5290.1,3128.6
"1445","M41","0D","CNU","Scene3",23,5586.2,3211.1,7404.8
"1446","M41","0D","IB","Scene4",1668,6221,5626,4337.6
"1447","M41","0D","CTX","Scene6",3096,7975.8,2426.2,8485.4
"1448","M41","0D","CTX","Scene6",3161,7975.8,5517,9614.9
"1449","M41","0D","CNU","Scene4",2079,6221,5556.7,8955.8
"1450","M41","0D","CTX","Scene5",456,6701,1881.3,9480.1
"1451","M41","0D","CNU","Scene4",104,6221,5362.6,2466.7
"1452","M41","0D","CTX","Scene3",1660,5586.2,3478.5,1106.4
"1453","M41","0D","CTX","Scene6",2433,7975.8,3366,10316.6
"1454","M41","0D","CTX","Scene6",2088,7975.8,1937.8,9250.4
"1455","M41","0D","CTX","Scene6",780,7975.8,4248.4,1508.1
"1456","M41","0D","CNU","Scene5",318,6701,6685.5,7876.5
"1457","M41","0D","CTX","Scene4",756,6221,4230.9,1678.2
"1458","M41","0D","CNU","Scene2",1246,4619,5493,7135.8
"1459","M41","0D","CTX","Scene6",1110,7975.8,1855.7,4375.2
"1460","M41","0D","CTX","Scene6",2101,7975.8,2256,9387.9
"1461","M41","0D","CTX","Scene5",1355,6701,1798.3,9254
"1462","M41","0D","CTX","Scene4",386,6221,1352.1,4556.8
"1463","M41","0D","CTX","Scene4",1060,6221,4553.6,1357.7
"1464","M41","0D","CTX","Scene4",760,6221,4288.4,1359.9
"1465","M41","0D","IB","Scene4",1462,6221,4274.3,4750.2
"1466","M41","0D","IB","Scene5",3218,6701,6173.1,5634.2
"1467","M41","0D","CTX","Scene5",650,6701,1172.8,5719.8
"1468","M41","0D","CTX","Scene4",382,6221,1292.6,5488.5
"1469","M41","0D","CTX","Scene4",2175,6221,2287.1,8924.2
"1470","M41","0D","IB","Scene4",1636,6221,6298.2,5117.5
"1471","M41","0D","CNU","Scene2",1157,4619,5739.9,6089.5
"1472","M41","0D","CTX","Scene2",1421,4619,2533.6,7454.3
"1473","M41","0D","CNU","Scene2",170,4619,6260.2,4713.4
"1474","M41","0D","CTX","Scene6",2056,7975.8,1556,9040.8
"1475","M41","0D","fiber tracts","Scene3",1790,5586.2,2241.4,4531.6
"1476","M41","0D","CTX","Scene4",2169,6221,2184.7,9668.9
"1477","M41","0D","CTX","Scene4",2556,6221,4796.7,10459.3
"1478","M41","0D","CTX","Scene1",158,3870.4,3132,8478.4
"1479","M41","0D","CNU","Scene1",82,3870.4,6929.6,7264.7
"1480","M41","0D","CTX","Scene5",1943,6701,522.4,5270
"1481","M41","0D","CTX","Scene6",2852,7975.8,7055,9157.1
"1482","M41","0D","CTX","Scene6",3144,7975.8,5666.3,7894.8
"1483","M41","0D","CNU","Scene1",462,3870.4,4941,4016.2
"1484","M41","0D","CTX","Scene6",2722,7975.8,5961.4,9658.6
"1485","M41","0D","CTX","Scene3",1685,5586.2,885.4,3335.1
"1486","M41","0D","CNU","Scene4",117,6221,5541.9,3140
"1487","M41","0D","CTX","Scene5",700,6701,1554.8,7735
